return_id,order_id,product_id,return_date,return_reason,return_cost
RET000001,ORD000001,PROD029,2025-01-13,Wrong Item,138.64
RET000002,ORD000018,PROD030,2024-05-11,Wrong Item,108.4
RET000003,ORD000022,PROD006,2025-10-31,Quality Issue,27.17
RET000004,ORD000023,PROD024,2024-07-04,Wrong Item,110.42
RET000005,ORD000046,PROD045,2024-11-21,Quality Issue,61.93
RET000006,ORD000049,PROD079,2024-12-22,Damaged Item,57.68
RET000007,ORD000051,PROD012,2025-09-26,Wrong Item,25.71
RET000008,ORD000052,PROD078,2025-01-17,Damaged Item,77.49
RET000009,ORD000067,PROD097,2025-05-21,Customer Changed Mind,143.46
RET000010,ORD000072,PROD096,2025-02-24,Quality Issue,53.68
RET000011,ORD000074,PROD024,2025-08-22,Quality Issue,87.32
RET000012,ORD000076,PROD032,2024-09-11,Wrong Item,56.0
RET000013,ORD000093,PROD067,2024-06-07,Wrong Item,93.06
RET000014,ORD000094,PROD033,2025-05-17,Customer Changed Mind,128.48
RET000015,ORD000100,PROD084,2025-09-07,Wrong Item,109.94
RET000016,ORD000110,PROD013,2025-03-03,Quality Issue,135.59
RET000017,ORD000116,PROD070,2025-05-09,Damaged Item,25.21
RET000018,ORD000125,PROD053,2025-01-30,Customer Changed Mind,126.85
RET000019,ORD000131,PROD080,2024-10-13,Damaged Item,35.13
RET000020,ORD000135,PROD054,2024-08-30,Damaged Item,75.59
RET000021,ORD000139,PROD099,2024-02-02,Damaged Item,75.83
RET000022,ORD000140,PROD095,2025-04-17,Damaged Item,10.29
RET000023,ORD000143,PROD071,2024-03-05,Customer Changed Mind,144.65
RET000024,ORD000147,PROD032,2024-05-26,Damaged Item,41.48
RET000025,ORD000150,PROD098,2025-10-07,Wrong Item,60.06
RET000026,ORD000152,PROD041,2025-05-17,Customer Changed Mind,73.19
RET000027,ORD000161,PROD047,2024-01-28,Late Delivery,127.68
RET000028,ORD000188,PROD074,2025-08-19,Customer Changed Mind,99.66
RET000029,ORD000200,PROD029,2025-06-13,Quality Issue,69.11
RET000030,ORD000209,PROD077,2024-12-09,Damaged Item,79.32
RET000031,ORD000226,PROD096,2025-06-10,Damaged Item,119.42
RET000032,ORD000229,PROD036,2024-02-12,Quality Issue,14.44
RET000033,ORD000232,PROD055,2025-09-03,Damaged Item,137.22
RET000034,ORD000234,PROD018,2025-12-16,Late Delivery,110.06
RET000035,ORD000243,PROD092,2025-10-05,Damaged Item,13.33
RET000036,ORD000248,PROD055,2025-04-21,Quality Issue,124.36
RET000037,ORD000258,PROD004,2024-12-15,Customer Changed Mind,15.11
RET000038,ORD000268,PROD064,2025-05-06,Wrong Item,72.6
RET000039,ORD000275,PROD023,2024-05-03,Quality Issue,79.24
RET000040,ORD000280,PROD018,2024-11-04,Wrong Item,68.07
RET000041,ORD000312,PROD043,2025-09-17,Damaged Item,145.65
RET000042,ORD000327,PROD040,2024-04-30,Wrong Item,92.55
RET000043,ORD000335,PROD021,2024-09-26,Damaged Item,98.52
RET000044,ORD000336,PROD089,2024-12-25,Customer Changed Mind,43.28
RET000045,ORD000347,PROD075,2024-12-31,Damaged Item,142.64
RET000046,ORD000354,PROD017,2024-11-13,Wrong Item,59.36
RET000047,ORD000384,PROD068,2024-10-12,Late Delivery,133.34
RET000048,ORD000389,PROD099,2025-02-27,Late Delivery,105.7
RET000049,ORD000393,PROD025,2024-11-03,Late Delivery,91.24
RET000050,ORD000421,PROD016,2024-03-12,Quality Issue,79.11
RET000051,ORD000423,PROD095,2024-03-31,Damaged Item,144.8
RET000052,ORD000445,PROD006,2024-06-19,Damaged Item,22.2
RET000053,ORD000456,PROD005,2024-12-15,Damaged Item,18.27
RET000054,ORD000460,PROD053,2024-09-04,Quality Issue,83.83
RET000055,ORD000464,PROD006,2024-01-20,Quality Issue,105.36
RET000056,ORD000468,PROD031,2025-01-08,Damaged Item,26.04
RET000057,ORD000509,PROD080,2024-02-24,Damaged Item,104.01
RET000058,ORD000517,PROD057,2024-09-12,Damaged Item,55.8
RET000059,ORD000541,PROD079,2024-07-26,Wrong Item,100.06
RET000060,ORD000545,PROD098,2025-09-16,Wrong Item,60.26
RET000061,ORD000548,PROD011,2024-08-07,Late Delivery,110.36
RET000062,ORD000557,PROD075,2024-03-25,Quality Issue,109.5
RET000063,ORD000559,PROD065,2024-04-30,Late Delivery,112.72
RET000064,ORD000560,PROD057,2025-09-03,Wrong Item,45.97
RET000065,ORD000573,PROD064,2025-04-01,Wrong Item,89.64
RET000066,ORD000599,PROD066,2025-03-14,Damaged Item,145.08
RET000067,ORD000609,PROD084,2024-12-23,Wrong Item,98.74
RET000068,ORD000612,PROD024,2025-12-03,Quality Issue,126.34
RET000069,ORD000617,PROD082,2024-12-21,Damaged Item,27.57
RET000070,ORD000624,PROD011,2024-02-14,Wrong Item,59.44
RET000071,ORD000635,PROD095,2025-09-25,Damaged Item,114.64
RET000072,ORD000637,PROD047,2025-11-07,Customer Changed Mind,48.54
RET000073,ORD000647,PROD032,2024-05-05,Quality Issue,124.4
RET000074,ORD000650,PROD037,2025-09-12,Customer Changed Mind,128.52
RET000075,ORD000660,PROD087,2024-10-24,Damaged Item,135.98
RET000076,ORD000662,PROD032,2025-10-12,Customer Changed Mind,102.35
RET000077,ORD000671,PROD017,2024-12-27,Late Delivery,33.1
RET000078,ORD000674,PROD034,2025-03-27,Damaged Item,89.23
RET000079,ORD000677,PROD030,2024-06-15,Quality Issue,65.27
RET000080,ORD000710,PROD091,2024-04-05,Late Delivery,124.04
RET000081,ORD000736,PROD095,2025-12-20,Quality Issue,75.37
RET000082,ORD000738,PROD062,2024-04-11,Damaged Item,53.96
RET000083,ORD000747,PROD079,2024-05-05,Damaged Item,131.08
RET000084,ORD000752,PROD032,2025-03-13,Wrong Item,10.32
RET000085,ORD000769,PROD003,2025-10-21,Damaged Item,70.85
RET000086,ORD000774,PROD031,2025-04-16,Damaged Item,52.89
RET000087,ORD000787,PROD021,2024-02-29,Wrong Item,49.8
RET000088,ORD000791,PROD019,2024-02-16,Wrong Item,50.3
RET000089,ORD000841,PROD002,2024-08-08,Damaged Item,62.95
RET000090,ORD000861,PROD076,2025-03-23,Wrong Item,77.04
RET000091,ORD000863,PROD031,2024-12-28,Wrong Item,149.82
RET000092,ORD000866,PROD017,2025-12-24,Damaged Item,32.61
RET000093,ORD000872,PROD004,2025-11-10,Damaged Item,99.61
RET000094,ORD000873,PROD014,2025-09-06,Customer Changed Mind,24.01
RET000095,ORD000874,PROD025,2024-03-20,Quality Issue,17.49
RET000096,ORD000883,PROD026,2024-08-04,Damaged Item,70.59
RET000097,ORD000886,PROD021,2025-03-11,Damaged Item,111.46
RET000098,ORD000889,PROD049,2024-12-15,Customer Changed Mind,138.32
RET000099,ORD000899,PROD056,2025-07-06,Damaged Item,92.97
RET000100,ORD000938,PROD023,2025-12-15,Quality Issue,127.46
RET000101,ORD000949,PROD063,2024-12-24,Customer Changed Mind,108.95
RET000102,ORD000956,PROD093,2024-04-07,Wrong Item,119.1
RET000103,ORD000967,PROD098,2024-03-29,Customer Changed Mind,134.33
RET000104,ORD000971,PROD007,2024-11-29,Damaged Item,132.04
RET000105,ORD000980,PROD028,2024-01-27,Customer Changed Mind,91.5
RET000106,ORD000990,PROD055,2024-09-11,Damaged Item,52.01
RET000107,ORD001004,PROD026,2025-04-30,Late Delivery,110.48
RET000108,ORD001008,PROD077,2024-04-10,Late Delivery,130.23
RET000109,ORD001034,PROD053,2024-08-07,Customer Changed Mind,43.55
RET000110,ORD001049,PROD063,2024-09-05,Wrong Item,65.05
RET000111,ORD001051,PROD094,2026-01-06,Wrong Item,29.1
RET000112,ORD001054,PROD060,2025-12-16,Wrong Item,81.16
RET000113,ORD001070,PROD019,2025-05-02,Damaged Item,100.27
RET000114,ORD001085,PROD093,2024-01-15,Damaged Item,84.3
RET000115,ORD001094,PROD029,2025-12-03,Quality Issue,27.94
RET000116,ORD001099,PROD063,2025-07-10,Customer Changed Mind,32.52
RET000117,ORD001100,PROD092,2025-09-07,Wrong Item,112.45
RET000118,ORD001103,PROD027,2024-06-01,Wrong Item,127.97
RET000119,ORD001105,PROD055,2025-07-28,Wrong Item,55.03
RET000120,ORD001122,PROD014,2024-08-21,Wrong Item,70.54
RET000121,ORD001129,PROD073,2024-06-04,Wrong Item,103.65
RET000122,ORD001138,PROD069,2025-12-25,Customer Changed Mind,66.26
RET000123,ORD001153,PROD020,2025-07-15,Wrong Item,130.44
RET000124,ORD001156,PROD035,2024-07-22,Customer Changed Mind,65.53
RET000125,ORD001159,PROD018,2024-10-29,Customer Changed Mind,108.54
RET000126,ORD001165,PROD031,2024-02-06,Wrong Item,27.36
RET000127,ORD001175,PROD090,2025-07-16,Late Delivery,19.97
RET000128,ORD001223,PROD070,2024-01-24,Damaged Item,56.72
RET000129,ORD001232,PROD010,2024-11-14,Late Delivery,129.98
RET000130,ORD001233,PROD006,2025-01-18,Customer Changed Mind,144.88
RET000131,ORD001254,PROD019,2024-06-24,Late Delivery,72.86
RET000132,ORD001258,PROD083,2025-01-04,Damaged Item,82.33
RET000133,ORD001262,PROD065,2024-09-26,Customer Changed Mind,26.93
RET000134,ORD001263,PROD035,2025-04-03,Customer Changed Mind,81.51
RET000135,ORD001287,PROD013,2024-04-04,Wrong Item,18.2
RET000136,ORD001293,PROD066,2025-04-11,Damaged Item,36.55
RET000137,ORD001301,PROD041,2024-12-26,Late Delivery,71.16
RET000138,ORD001304,PROD073,2024-08-25,Late Delivery,122.48
RET000139,ORD001325,PROD070,2025-09-12,Late Delivery,146.73
RET000140,ORD001336,PROD005,2024-01-30,Late Delivery,125.53
RET000141,ORD001359,PROD062,2024-12-28,Damaged Item,112.34
RET000142,ORD001367,PROD033,2025-02-27,Damaged Item,26.11
RET000143,ORD001403,PROD092,2024-10-12,Damaged Item,46.66
RET000144,ORD001418,PROD048,2025-04-03,Late Delivery,27.64
RET000145,ORD001432,PROD003,2025-03-30,Customer Changed Mind,85.66
RET000146,ORD001435,PROD003,2024-05-01,Wrong Item,122.12
RET000147,ORD001436,PROD065,2024-09-11,Customer Changed Mind,83.96
RET000148,ORD001461,PROD087,2025-08-09,Damaged Item,31.36
RET000149,ORD001472,PROD007,2025-07-07,Damaged Item,62.76
RET000150,ORD001487,PROD013,2024-11-10,Late Delivery,123.31
RET000151,ORD001500,PROD075,2024-12-02,Customer Changed Mind,104.83
RET000152,ORD001525,PROD043,2025-08-10,Quality Issue,10.58
RET000153,ORD001531,PROD100,2024-02-28,Damaged Item,34.24
RET000154,ORD001537,PROD096,2024-08-28,Customer Changed Mind,117.67
RET000155,ORD001547,PROD018,2024-04-09,Customer Changed Mind,71.52
RET000156,ORD001558,PROD055,2025-10-22,Quality Issue,91.17
RET000157,ORD001559,PROD087,2025-02-24,Late Delivery,120.65
RET000158,ORD001567,PROD002,2024-01-27,Wrong Item,111.76
RET000159,ORD001579,PROD055,2024-03-24,Wrong Item,83.34
RET000160,ORD001587,PROD065,2024-09-07,Damaged Item,95.55
RET000161,ORD001606,PROD095,2024-03-08,Customer Changed Mind,15.53
RET000162,ORD001607,PROD058,2025-03-22,Damaged Item,107.59
RET000163,ORD001610,PROD087,2025-09-29,Damaged Item,101.06
RET000164,ORD001612,PROD039,2024-04-29,Wrong Item,130.28
RET000165,ORD001630,PROD067,2024-04-25,Damaged Item,77.8
RET000166,ORD001644,PROD023,2025-04-07,Damaged Item,100.71
RET000167,ORD001647,PROD035,2024-02-18,Wrong Item,53.56
RET000168,ORD001674,PROD014,2025-05-30,Late Delivery,111.7
RET000169,ORD001677,PROD067,2025-10-07,Wrong Item,72.03
RET000170,ORD001678,PROD053,2025-06-19,Quality Issue,136.35
RET000171,ORD001690,PROD027,2025-07-19,Wrong Item,35.3
RET000172,ORD001723,PROD023,2025-04-27,Late Delivery,149.1
RET000173,ORD001724,PROD079,2025-01-26,Wrong Item,110.18
RET000174,ORD001725,PROD011,2024-07-10,Customer Changed Mind,86.99
RET000175,ORD001735,PROD073,2026-01-05,Customer Changed Mind,147.03
RET000176,ORD001758,PROD093,2024-09-23,Wrong Item,59.55
RET000177,ORD001762,PROD039,2025-06-20,Customer Changed Mind,116.71
RET000178,ORD001770,PROD090,2025-12-28,Customer Changed Mind,55.36
RET000179,ORD001771,PROD091,2025-02-03,Quality Issue,49.99
RET000180,ORD001773,PROD087,2024-12-19,Damaged Item,29.22
RET000181,ORD001789,PROD015,2025-07-22,Customer Changed Mind,12.38
RET000182,ORD001794,PROD048,2025-09-17,Damaged Item,145.62
RET000183,ORD001804,PROD066,2024-04-20,Quality Issue,78.29
RET000184,ORD001808,PROD032,2025-06-24,Customer Changed Mind,140.08
RET000185,ORD001814,PROD029,2024-04-20,Late Delivery,83.51
RET000186,ORD001815,PROD037,2024-03-28,Customer Changed Mind,58.44
RET000187,ORD001816,PROD077,2025-04-06,Damaged Item,127.33
RET000188,ORD001818,PROD020,2025-01-10,Damaged Item,109.03
RET000189,ORD001823,PROD004,2025-12-14,Late Delivery,60.43
RET000190,ORD001829,PROD054,2024-12-30,Wrong Item,145.59
RET000191,ORD001832,PROD058,2025-05-01,Wrong Item,93.3
RET000192,ORD001843,PROD004,2024-11-02,Customer Changed Mind,21.15
RET000193,ORD001848,PROD061,2025-03-07,Late Delivery,136.41
RET000194,ORD001858,PROD043,2026-01-04,Damaged Item,25.55
RET000195,ORD001876,PROD065,2024-04-27,Customer Changed Mind,86.22
RET000196,ORD001885,PROD015,2024-08-10,Late Delivery,78.69
RET000197,ORD001890,PROD065,2024-07-27,Damaged Item,117.23
RET000198,ORD001897,PROD028,2024-04-30,Customer Changed Mind,38.6
RET000199,ORD001906,PROD053,2025-03-06,Customer Changed Mind,51.51
RET000200,ORD001907,PROD099,2024-06-05,Wrong Item,74.71
RET000201,ORD001917,PROD100,2024-04-04,Quality Issue,128.97
RET000202,ORD001952,PROD062,2025-06-21,Damaged Item,93.63
RET000203,ORD001953,PROD001,2025-04-26,Customer Changed Mind,39.09
RET000204,ORD001954,PROD047,2024-04-29,Wrong Item,63.67
RET000205,ORD001963,PROD048,2025-03-12,Customer Changed Mind,79.78
RET000206,ORD001964,PROD043,2024-02-01,Damaged Item,93.09
RET000207,ORD001965,PROD006,2024-06-09,Wrong Item,104.32
RET000208,ORD001970,PROD017,2025-05-13,Wrong Item,22.96
RET000209,ORD001983,PROD070,2025-10-19,Customer Changed Mind,88.39
RET000210,ORD001988,PROD059,2024-04-21,Damaged Item,19.37
RET000211,ORD001997,PROD026,2025-10-07,Quality Issue,112.6
RET000212,ORD001998,PROD050,2025-02-26,Late Delivery,12.63
RET000213,ORD002005,PROD052,2024-10-25,Late Delivery,70.47
RET000214,ORD002015,PROD031,2025-09-26,Wrong Item,139.6
RET000215,ORD002020,PROD035,2025-04-15,Quality Issue,25.18
RET000216,ORD002048,PROD064,2024-10-09,Wrong Item,143.16
RET000217,ORD002052,PROD067,2025-03-14,Customer Changed Mind,44.91
RET000218,ORD002057,PROD065,2024-06-07,Damaged Item,123.37
RET000219,ORD002080,PROD088,2025-08-14,Damaged Item,87.92
RET000220,ORD002085,PROD048,2024-07-05,Customer Changed Mind,32.95
RET000221,ORD002098,PROD026,2025-07-30,Damaged Item,12.63
RET000222,ORD002102,PROD099,2025-05-28,Wrong Item,140.38
RET000223,ORD002105,PROD007,2025-07-13,Wrong Item,32.06
RET000224,ORD002124,PROD072,2024-08-05,Customer Changed Mind,121.48
RET000225,ORD002125,PROD061,2025-06-28,Damaged Item,20.14
RET000226,ORD002130,PROD073,2024-12-04,Quality Issue,65.9
RET000227,ORD002138,PROD080,2025-07-06,Wrong Item,129.39
RET000228,ORD002143,PROD083,2025-05-24,Damaged Item,32.94
RET000229,ORD002148,PROD095,2024-07-03,Quality Issue,121.32
RET000230,ORD002158,PROD053,2024-11-21,Wrong Item,98.89
RET000231,ORD002163,PROD095,2025-05-15,Damaged Item,142.2
RET000232,ORD002169,PROD039,2024-07-10,Late Delivery,70.86
RET000233,ORD002175,PROD089,2024-01-27,Wrong Item,65.98
RET000234,ORD002188,PROD050,2025-05-11,Quality Issue,121.08
RET000235,ORD002208,PROD077,2025-09-12,Quality Issue,67.7
RET000236,ORD002211,PROD008,2024-07-01,Wrong Item,102.01
RET000237,ORD002219,PROD052,2025-04-22,Customer Changed Mind,86.39
RET000238,ORD002238,PROD025,2024-12-23,Damaged Item,136.78
RET000239,ORD002244,PROD019,2024-11-02,Wrong Item,92.03
RET000240,ORD002254,PROD098,2025-09-08,Wrong Item,118.35
RET000241,ORD002262,PROD009,2024-05-25,Customer Changed Mind,31.75
RET000242,ORD002268,PROD031,2024-09-29,Late Delivery,19.06
RET000243,ORD002270,PROD098,2024-02-20,Late Delivery,28.52
RET000244,ORD002273,PROD004,2024-11-07,Customer Changed Mind,29.04
RET000245,ORD002278,PROD066,2025-08-11,Damaged Item,31.18
RET000246,ORD002290,PROD010,2025-11-26,Customer Changed Mind,12.08
RET000247,ORD002294,PROD055,2025-11-10,Wrong Item,119.66
RET000248,ORD002299,PROD072,2025-09-11,Wrong Item,110.91
RET000249,ORD002306,PROD001,2025-12-20,Wrong Item,45.16
RET000250,ORD002310,PROD085,2024-06-22,Customer Changed Mind,128.58
RET000251,ORD002313,PROD087,2024-11-03,Wrong Item,72.55
RET000252,ORD002328,PROD082,2024-08-23,Late Delivery,40.65
RET000253,ORD002331,PROD046,2024-05-13,Quality Issue,20.5
RET000254,ORD002334,PROD006,2025-09-30,Late Delivery,103.3
RET000255,ORD002370,PROD010,2025-10-17,Damaged Item,55.39
RET000256,ORD002381,PROD084,2024-10-30,Quality Issue,75.12
RET000257,ORD002397,PROD051,2025-01-27,Damaged Item,78.46
RET000258,ORD002398,PROD059,2024-09-24,Quality Issue,47.39
RET000259,ORD002416,PROD013,2024-08-19,Wrong Item,53.7
RET000260,ORD002420,PROD057,2025-10-11,Customer Changed Mind,95.67
RET000261,ORD002426,PROD074,2024-02-01,Customer Changed Mind,106.07
RET000262,ORD002442,PROD023,2025-01-23,Quality Issue,115.5
RET000263,ORD002467,PROD008,2025-08-03,Quality Issue,88.29
RET000264,ORD002475,PROD036,2025-10-08,Quality Issue,98.27
RET000265,ORD002503,PROD022,2024-04-13,Quality Issue,75.39
RET000266,ORD002532,PROD076,2025-02-10,Late Delivery,57.43
RET000267,ORD002537,PROD076,2024-08-30,Customer Changed Mind,104.98
RET000268,ORD002542,PROD003,2025-07-25,Damaged Item,23.48
RET000269,ORD002557,PROD033,2024-08-01,Damaged Item,104.31
RET000270,ORD002559,PROD069,2025-06-28,Damaged Item,44.72
RET000271,ORD002572,PROD005,2025-04-02,Customer Changed Mind,108.89
RET000272,ORD002585,PROD001,2024-04-29,Quality Issue,100.63
RET000273,ORD002592,PROD071,2024-07-25,Customer Changed Mind,87.58
RET000274,ORD002596,PROD091,2025-10-08,Customer Changed Mind,88.67
RET000275,ORD002610,PROD053,2024-11-03,Damaged Item,43.22
RET000276,ORD002643,PROD095,2024-06-24,Customer Changed Mind,113.22
RET000277,ORD002656,PROD041,2025-04-19,Damaged Item,18.84
RET000278,ORD002673,PROD078,2025-10-26,Damaged Item,123.94
RET000279,ORD002689,PROD100,2024-01-30,Customer Changed Mind,121.95
RET000280,ORD002693,PROD071,2025-11-12,Wrong Item,129.7
RET000281,ORD002714,PROD076,2025-07-06,Quality Issue,26.65
RET000282,ORD002720,PROD093,2025-03-06,Late Delivery,71.42
RET000283,ORD002721,PROD064,2025-10-12,Customer Changed Mind,49.63
RET000284,ORD002726,PROD089,2024-01-26,Wrong Item,65.52
RET000285,ORD002750,PROD031,2024-02-15,Quality Issue,47.56
RET000286,ORD002758,PROD097,2024-07-11,Customer Changed Mind,70.2
RET000287,ORD002783,PROD052,2024-08-11,Wrong Item,63.82
RET000288,ORD002785,PROD022,2024-02-25,Customer Changed Mind,107.12
RET000289,ORD002787,PROD008,2025-02-22,Customer Changed Mind,78.72
RET000290,ORD002797,PROD093,2025-04-23,Customer Changed Mind,22.35
RET000291,ORD002798,PROD018,2024-06-03,Wrong Item,125.53
RET000292,ORD002799,PROD063,2024-04-23,Customer Changed Mind,17.58
RET000293,ORD002810,PROD010,2024-08-17,Customer Changed Mind,26.05
RET000294,ORD002811,PROD007,2024-10-17,Damaged Item,104.13
RET000295,ORD002812,PROD051,2024-02-26,Customer Changed Mind,129.95
RET000296,ORD002816,PROD066,2025-06-20,Quality Issue,62.43
RET000297,ORD002817,PROD082,2024-01-23,Wrong Item,61.42
RET000298,ORD002829,PROD042,2025-10-26,Customer Changed Mind,84.43
RET000299,ORD002833,PROD074,2024-07-05,Late Delivery,119.16
RET000300,ORD002859,PROD024,2025-10-04,Damaged Item,102.75
RET000301,ORD002880,PROD003,2024-11-22,Wrong Item,90.94
RET000302,ORD002897,PROD031,2024-08-28,Quality Issue,33.08
RET000303,ORD002902,PROD079,2025-07-05,Customer Changed Mind,64.77
RET000304,ORD002919,PROD085,2025-05-04,Damaged Item,90.16
RET000305,ORD002960,PROD024,2024-05-07,Quality Issue,126.46
RET000306,ORD002961,PROD018,2024-02-14,Damaged Item,20.5
RET000307,ORD002962,PROD032,2025-07-11,Quality Issue,19.74
RET000308,ORD002968,PROD074,2024-12-27,Damaged Item,117.74
RET000309,ORD002970,PROD090,2025-09-15,Quality Issue,117.31
RET000310,ORD002972,PROD077,2025-12-06,Late Delivery,28.54
RET000311,ORD002978,PROD055,2025-05-24,Late Delivery,50.42
RET000312,ORD002981,PROD055,2024-04-16,Quality Issue,98.81
RET000313,ORD002983,PROD021,2024-12-14,Wrong Item,121.91
RET000314,ORD002985,PROD052,2025-10-12,Quality Issue,64.92
RET000315,ORD002991,PROD008,2024-03-07,Damaged Item,114.83
RET000316,ORD003002,PROD024,2025-08-09,Late Delivery,70.1
RET000317,ORD003018,PROD039,2024-02-25,Customer Changed Mind,71.08
RET000318,ORD003026,PROD075,2025-09-19,Customer Changed Mind,81.93
RET000319,ORD003030,PROD008,2024-04-11,Customer Changed Mind,33.53
RET000320,ORD003031,PROD081,2025-11-10,Wrong Item,103.91
RET000321,ORD003033,PROD011,2024-06-20,Wrong Item,42.1
RET000322,ORD003040,PROD054,2025-07-27,Late Delivery,94.76
RET000323,ORD003052,PROD014,2025-02-06,Damaged Item,37.84
RET000324,ORD003056,PROD066,2024-10-14,Quality Issue,132.74
RET000325,ORD003082,PROD090,2025-10-02,Quality Issue,121.8
RET000326,ORD003085,PROD041,2025-09-01,Quality Issue,30.89
RET000327,ORD003095,PROD018,2025-08-23,Damaged Item,78.93
RET000328,ORD003110,PROD052,2025-05-15,Quality Issue,78.89
RET000329,ORD003111,PROD004,2024-03-26,Wrong Item,44.41
RET000330,ORD003143,PROD061,2025-02-28,Customer Changed Mind,57.23
RET000331,ORD003162,PROD092,2025-07-05,Late Delivery,125.39
RET000332,ORD003163,PROD006,2024-06-18,Damaged Item,60.62
RET000333,ORD003178,PROD055,2025-12-03,Damaged Item,117.38
RET000334,ORD003183,PROD002,2025-07-08,Wrong Item,130.79
RET000335,ORD003187,PROD068,2025-05-14,Wrong Item,118.15
RET000336,ORD003191,PROD073,2025-04-28,Late Delivery,30.83
RET000337,ORD003213,PROD008,2024-11-03,Damaged Item,119.74
RET000338,ORD003224,PROD033,2024-01-11,Customer Changed Mind,31.07
RET000339,ORD003245,PROD005,2024-01-19,Damaged Item,116.88
RET000340,ORD003258,PROD088,2025-11-20,Customer Changed Mind,103.37
RET000341,ORD003268,PROD079,2024-03-07,Customer Changed Mind,140.47
RET000342,ORD003280,PROD003,2025-02-03,Late Delivery,64.37
RET000343,ORD003283,PROD049,2025-06-07,Customer Changed Mind,16.55
RET000344,ORD003287,PROD043,2024-08-30,Customer Changed Mind,119.16
RET000345,ORD003302,PROD083,2024-07-01,Late Delivery,147.24
RET000346,ORD003307,PROD071,2024-12-18,Late Delivery,139.02
RET000347,ORD003316,PROD071,2024-03-02,Customer Changed Mind,48.31
RET000348,ORD003319,PROD084,2025-06-05,Wrong Item,146.97
RET000349,ORD003322,PROD095,2025-12-01,Wrong Item,44.9
RET000350,ORD003323,PROD007,2025-10-27,Quality Issue,128.11
RET000351,ORD003325,PROD017,2025-06-09,Late Delivery,11.71
RET000352,ORD003340,PROD020,2026-01-08,Quality Issue,45.69
RET000353,ORD003344,PROD029,2024-07-24,Quality Issue,114.69
RET000354,ORD003351,PROD095,2024-03-03,Quality Issue,136.34
RET000355,ORD003353,PROD093,2025-11-01,Late Delivery,99.22
RET000356,ORD003391,PROD009,2025-04-10,Wrong Item,123.63
RET000357,ORD003397,PROD081,2025-02-17,Damaged Item,30.85
RET000358,ORD003414,PROD072,2025-08-04,Wrong Item,107.55
RET000359,ORD003417,PROD097,2024-12-23,Damaged Item,103.29
RET000360,ORD003437,PROD043,2025-12-09,Quality Issue,17.33
RET000361,ORD003442,PROD002,2024-07-02,Quality Issue,56.22
RET000362,ORD003443,PROD085,2024-06-01,Customer Changed Mind,144.78
RET000363,ORD003449,PROD050,2025-04-18,Quality Issue,112.01
RET000364,ORD003453,PROD015,2024-11-19,Damaged Item,146.53
RET000365,ORD003474,PROD041,2024-09-11,Customer Changed Mind,74.9
RET000366,ORD003475,PROD072,2025-06-30,Customer Changed Mind,107.25
RET000367,ORD003486,PROD083,2025-12-09,Customer Changed Mind,15.19
RET000368,ORD003502,PROD090,2024-07-22,Quality Issue,140.77
RET000369,ORD003524,PROD055,2024-01-16,Late Delivery,33.77
RET000370,ORD003527,PROD030,2024-04-10,Damaged Item,23.66
RET000371,ORD003529,PROD017,2024-10-30,Wrong Item,107.07
RET000372,ORD003549,PROD080,2024-05-01,Customer Changed Mind,133.15
RET000373,ORD003556,PROD025,2025-11-06,Quality Issue,50.45
RET000374,ORD003560,PROD022,2025-05-11,Customer Changed Mind,39.43
RET000375,ORD003578,PROD093,2024-08-08,Quality Issue,117.98
RET000376,ORD003587,PROD001,2024-06-11,Wrong Item,32.96
RET000377,ORD003598,PROD020,2025-09-30,Customer Changed Mind,62.33
RET000378,ORD003607,PROD071,2025-07-02,Late Delivery,39.86
RET000379,ORD003617,PROD020,2024-03-28,Damaged Item,47.69
RET000380,ORD003623,PROD006,2024-04-20,Customer Changed Mind,22.67
RET000381,ORD003624,PROD022,2025-02-07,Damaged Item,127.89
RET000382,ORD003640,PROD003,2025-02-22,Wrong Item,13.52
RET000383,ORD003645,PROD067,2024-10-29,Quality Issue,72.64
RET000384,ORD003658,PROD002,2025-04-14,Customer Changed Mind,93.87
RET000385,ORD003662,PROD099,2025-08-10,Damaged Item,25.03
RET000386,ORD003663,PROD086,2025-04-10,Quality Issue,79.75
RET000387,ORD003667,PROD048,2024-08-19,Wrong Item,80.71
RET000388,ORD003683,PROD085,2025-02-19,Damaged Item,50.0
RET000389,ORD003689,PROD092,2024-12-30,Late Delivery,126.56
RET000390,ORD003698,PROD027,2024-11-16,Damaged Item,106.45
RET000391,ORD003699,PROD069,2025-05-25,Damaged Item,125.53
RET000392,ORD003703,PROD023,2025-06-23,Customer Changed Mind,54.35
RET000393,ORD003710,PROD036,2024-07-21,Damaged Item,63.41
RET000394,ORD003727,PROD010,2025-12-03,Damaged Item,111.43
RET000395,ORD003729,PROD002,2024-03-28,Quality Issue,24.41
RET000396,ORD003732,PROD014,2025-03-03,Damaged Item,32.75
RET000397,ORD003734,PROD069,2024-12-28,Damaged Item,25.19
RET000398,ORD003763,PROD099,2025-09-11,Late Delivery,36.7
RET000399,ORD003781,PROD071,2025-10-29,Quality Issue,86.89
RET000400,ORD003782,PROD035,2024-04-27,Damaged Item,51.92
RET000401,ORD003797,PROD079,2025-05-22,Late Delivery,142.36
RET000402,ORD003823,PROD017,2024-11-15,Late Delivery,78.3
RET000403,ORD003829,PROD013,2025-01-05,Customer Changed Mind,123.02
RET000404,ORD003831,PROD087,2025-08-02,Customer Changed Mind,52.55
RET000405,ORD003837,PROD062,2025-03-04,Quality Issue,130.52
RET000406,ORD003846,PROD036,2024-12-02,Quality Issue,88.32
RET000407,ORD003855,PROD079,2025-09-21,Quality Issue,25.28
RET000408,ORD003856,PROD099,2025-07-11,Wrong Item,53.38
RET000409,ORD003868,PROD020,2025-08-17,Quality Issue,59.17
RET000410,ORD003873,PROD092,2025-04-10,Damaged Item,92.63
RET000411,ORD003885,PROD045,2025-10-16,Damaged Item,63.47
RET000412,ORD003886,PROD015,2025-12-01,Damaged Item,64.59
RET000413,ORD003914,PROD095,2024-10-10,Damaged Item,110.85
RET000414,ORD003915,PROD023,2024-10-11,Quality Issue,32.71
RET000415,ORD003917,PROD086,2024-05-22,Damaged Item,56.21
RET000416,ORD003929,PROD050,2025-11-11,Wrong Item,86.23
RET000417,ORD003930,PROD090,2024-06-22,Damaged Item,18.04
RET000418,ORD003940,PROD029,2025-04-12,Quality Issue,27.87
RET000419,ORD003946,PROD026,2024-06-18,Customer Changed Mind,142.19
RET000420,ORD003977,PROD064,2024-04-07,Quality Issue,90.81
RET000421,ORD003982,PROD098,2024-11-10,Wrong Item,89.89
RET000422,ORD003987,PROD086,2024-09-10,Wrong Item,114.04
RET000423,ORD004002,PROD100,2025-12-30,Quality Issue,82.58
RET000424,ORD004008,PROD060,2025-06-13,Damaged Item,67.54
RET000425,ORD004025,PROD011,2024-02-10,Wrong Item,59.38
RET000426,ORD004026,PROD088,2024-03-04,Late Delivery,127.64
RET000427,ORD004048,PROD034,2024-02-19,Damaged Item,67.71
RET000428,ORD004064,PROD040,2025-05-27,Damaged Item,133.57
RET000429,ORD004086,PROD027,2025-08-24,Customer Changed Mind,97.85
RET000430,ORD004088,PROD022,2025-09-26,Damaged Item,62.8
RET000431,ORD004089,PROD038,2025-08-02,Wrong Item,145.01
RET000432,ORD004091,PROD025,2025-07-18,Wrong Item,115.54
RET000433,ORD004098,PROD094,2024-07-24,Wrong Item,59.06
RET000434,ORD004100,PROD024,2025-09-18,Customer Changed Mind,65.61
RET000435,ORD004108,PROD007,2025-09-27,Quality Issue,102.65
RET000436,ORD004109,PROD098,2024-09-21,Customer Changed Mind,125.49
RET000437,ORD004122,PROD045,2024-04-30,Wrong Item,27.29
RET000438,ORD004128,PROD057,2025-07-02,Damaged Item,106.46
RET000439,ORD004142,PROD036,2025-02-27,Damaged Item,49.84
RET000440,ORD004149,PROD045,2025-04-15,Customer Changed Mind,96.66
RET000441,ORD004150,PROD017,2025-03-18,Quality Issue,112.06
RET000442,ORD004184,PROD023,2025-02-21,Wrong Item,90.38
RET000443,ORD004211,PROD081,2025-09-24,Quality Issue,60.14
RET000444,ORD004214,PROD039,2025-11-18,Wrong Item,58.78
RET000445,ORD004223,PROD003,2024-11-05,Customer Changed Mind,144.3
RET000446,ORD004234,PROD075,2025-04-29,Wrong Item,61.12
RET000447,ORD004251,PROD050,2024-12-11,Late Delivery,125.95
RET000448,ORD004259,PROD001,2024-09-17,Customer Changed Mind,21.66
RET000449,ORD004263,PROD029,2024-06-23,Quality Issue,148.14
RET000450,ORD004267,PROD012,2024-09-02,Quality Issue,80.3
RET000451,ORD004272,PROD058,2024-12-05,Customer Changed Mind,102.02
RET000452,ORD004293,PROD090,2024-06-21,Customer Changed Mind,71.41
RET000453,ORD004311,PROD057,2024-07-25,Customer Changed Mind,91.55
RET000454,ORD004345,PROD088,2025-02-09,Quality Issue,87.8
RET000455,ORD004346,PROD093,2024-09-12,Quality Issue,143.1
RET000456,ORD004361,PROD034,2024-04-21,Customer Changed Mind,27.46
RET000457,ORD004363,PROD056,2025-10-02,Quality Issue,146.57
RET000458,ORD004375,PROD076,2024-03-28,Damaged Item,96.93
RET000459,ORD004376,PROD087,2025-09-27,Late Delivery,15.13
RET000460,ORD004383,PROD060,2025-04-26,Damaged Item,91.95
RET000461,ORD004384,PROD093,2024-03-27,Late Delivery,115.16
RET000462,ORD004385,PROD039,2025-03-01,Late Delivery,37.66
RET000463,ORD004407,PROD010,2025-07-20,Customer Changed Mind,47.62
RET000464,ORD004408,PROD044,2024-11-19,Quality Issue,70.58
RET000465,ORD004413,PROD065,2025-05-12,Wrong Item,105.4
RET000466,ORD004429,PROD042,2025-06-25,Quality Issue,60.87
RET000467,ORD004435,PROD033,2024-06-09,Wrong Item,96.43
RET000468,ORD004436,PROD079,2025-06-17,Damaged Item,66.0
RET000469,ORD004441,PROD028,2024-10-18,Customer Changed Mind,65.75
RET000470,ORD004442,PROD006,2024-03-15,Customer Changed Mind,29.94
RET000471,ORD004443,PROD095,2025-08-01,Customer Changed Mind,117.47
RET000472,ORD004450,PROD060,2024-12-06,Customer Changed Mind,80.31
RET000473,ORD004471,PROD090,2025-04-19,Customer Changed Mind,29.55
RET000474,ORD004472,PROD028,2024-07-12,Quality Issue,14.43
RET000475,ORD004476,PROD054,2025-09-21,Wrong Item,90.84
RET000476,ORD004486,PROD066,2024-08-21,Damaged Item,147.19
RET000477,ORD004489,PROD022,2025-10-13,Customer Changed Mind,101.04
RET000478,ORD004508,PROD042,2024-08-27,Damaged Item,86.25
RET000479,ORD004555,PROD057,2024-08-17,Customer Changed Mind,105.3
RET000480,ORD004564,PROD097,2025-08-23,Quality Issue,93.07
RET000481,ORD004566,PROD024,2024-06-26,Customer Changed Mind,31.81
RET000482,ORD004567,PROD012,2025-01-27,Wrong Item,53.37
RET000483,ORD004585,PROD053,2025-05-26,Damaged Item,137.72
RET000484,ORD004609,PROD028,2025-01-02,Wrong Item,72.18
RET000485,ORD004618,PROD052,2024-07-06,Wrong Item,81.41
RET000486,ORD004651,PROD050,2025-03-12,Customer Changed Mind,93.36
RET000487,ORD004672,PROD073,2025-12-22,Damaged Item,147.31
RET000488,ORD004680,PROD090,2024-06-11,Quality Issue,128.97
RET000489,ORD004694,PROD037,2025-02-17,Damaged Item,101.6
RET000490,ORD004705,PROD001,2024-05-05,Wrong Item,11.54
RET000491,ORD004708,PROD065,2024-07-16,Late Delivery,74.38
RET000492,ORD004716,PROD045,2024-05-03,Wrong Item,33.17
RET000493,ORD004727,PROD087,2025-11-05,Damaged Item,34.24
RET000494,ORD004730,PROD099,2025-08-18,Customer Changed Mind,78.87
RET000495,ORD004741,PROD052,2024-03-04,Customer Changed Mind,102.13
RET000496,ORD004743,PROD039,2025-07-29,Quality Issue,27.93
RET000497,ORD004747,PROD100,2024-11-24,Customer Changed Mind,119.37
RET000498,ORD004748,PROD037,2024-01-17,Wrong Item,125.57
RET000499,ORD004757,PROD077,2024-12-21,Wrong Item,101.45
RET000500,ORD004768,PROD006,2024-06-28,Late Delivery,139.21
RET000501,ORD004780,PROD081,2025-02-21,Wrong Item,99.91
RET000502,ORD004794,PROD046,2024-05-23,Wrong Item,36.02
RET000503,ORD004799,PROD044,2024-09-29,Customer Changed Mind,90.1
RET000504,ORD004806,PROD013,2024-02-14,Customer Changed Mind,48.28
RET000505,ORD004816,PROD017,2025-03-08,Late Delivery,141.69
RET000506,ORD004828,PROD059,2025-11-19,Customer Changed Mind,77.54
RET000507,ORD004831,PROD094,2025-04-23,Quality Issue,134.38
RET000508,ORD004844,PROD036,2025-01-31,Damaged Item,117.85
RET000509,ORD004848,PROD061,2025-02-24,Customer Changed Mind,104.32
RET000510,ORD004855,PROD062,2025-11-09,Late Delivery,81.38
RET000511,ORD004872,PROD021,2025-09-19,Quality Issue,47.36
RET000512,ORD004884,PROD059,2024-01-29,Customer Changed Mind,78.6
RET000513,ORD004886,PROD098,2024-05-05,Wrong Item,62.1
RET000514,ORD004903,PROD080,2024-10-13,Wrong Item,76.41
RET000515,ORD004914,PROD073,2025-02-22,Wrong Item,76.66
RET000516,ORD004980,PROD002,2024-07-10,Late Delivery,34.22
RET000517,ORD004999,PROD033,2025-11-22,Damaged Item,25.6
RET000518,ORD005009,PROD043,2025-03-28,Damaged Item,73.81
RET000519,ORD005028,PROD032,2025-04-14,Quality Issue,142.45
RET000520,ORD005030,PROD093,2025-03-21,Wrong Item,140.15
RET000521,ORD005042,PROD078,2024-06-07,Customer Changed Mind,118.39
RET000522,ORD005056,PROD065,2024-03-07,Quality Issue,134.53
RET000523,ORD005062,PROD095,2025-01-04,Damaged Item,95.9
RET000524,ORD005095,PROD055,2024-08-01,Quality Issue,139.18
RET000525,ORD005098,PROD095,2024-04-29,Quality Issue,48.24
RET000526,ORD005104,PROD027,2025-05-29,Wrong Item,137.55
RET000527,ORD005116,PROD062,2025-11-06,Quality Issue,21.61
RET000528,ORD005122,PROD084,2025-09-04,Wrong Item,84.01
RET000529,ORD005124,PROD033,2025-07-09,Customer Changed Mind,56.68
RET000530,ORD005148,PROD062,2024-05-19,Quality Issue,31.94
RET000531,ORD005151,PROD095,2025-09-22,Quality Issue,145.74
RET000532,ORD005162,PROD096,2024-02-13,Late Delivery,28.75
RET000533,ORD005169,PROD017,2024-07-12,Wrong Item,32.84
RET000534,ORD005175,PROD004,2025-12-03,Quality Issue,116.22
RET000535,ORD005191,PROD070,2024-03-21,Damaged Item,103.8
RET000536,ORD005205,PROD002,2025-06-04,Late Delivery,40.07
RET000537,ORD005225,PROD091,2025-03-04,Late Delivery,70.77
RET000538,ORD005229,PROD039,2025-04-14,Wrong Item,122.77
RET000539,ORD005240,PROD098,2025-07-03,Damaged Item,37.22
RET000540,ORD005254,PROD037,2025-11-14,Wrong Item,35.15
RET000541,ORD005255,PROD025,2025-09-10,Damaged Item,127.79
RET000542,ORD005262,PROD005,2025-09-06,Damaged Item,120.72
RET000543,ORD005263,PROD005,2024-10-18,Quality Issue,59.31
RET000544,ORD005268,PROD088,2024-02-26,Late Delivery,18.53
RET000545,ORD005270,PROD075,2024-09-29,Quality Issue,40.0
RET000546,ORD005281,PROD068,2025-01-28,Wrong Item,107.66
RET000547,ORD005288,PROD040,2024-12-07,Wrong Item,114.75
RET000548,ORD005296,PROD039,2025-06-11,Quality Issue,52.46
RET000549,ORD005298,PROD066,2024-06-02,Quality Issue,105.29
RET000550,ORD005317,PROD038,2024-03-14,Quality Issue,43.52
RET000551,ORD005330,PROD017,2025-03-27,Quality Issue,55.06
RET000552,ORD005340,PROD060,2024-08-03,Damaged Item,50.47
RET000553,ORD005344,PROD037,2025-02-04,Customer Changed Mind,96.44
RET000554,ORD005354,PROD007,2025-02-13,Damaged Item,123.98
RET000555,ORD005358,PROD002,2025-08-22,Customer Changed Mind,27.16
RET000556,ORD005359,PROD016,2024-08-10,Wrong Item,101.86
RET000557,ORD005366,PROD085,2024-08-18,Late Delivery,59.93
RET000558,ORD005376,PROD042,2025-03-03,Quality Issue,30.43
RET000559,ORD005391,PROD008,2025-06-21,Quality Issue,125.11
RET000560,ORD005400,PROD057,2024-12-21,Wrong Item,17.43
RET000561,ORD005421,PROD100,2024-11-21,Damaged Item,72.18
RET000562,ORD005424,PROD085,2025-11-11,Customer Changed Mind,49.13
RET000563,ORD005454,PROD037,2024-08-15,Customer Changed Mind,136.56
RET000564,ORD005455,PROD016,2025-03-08,Wrong Item,52.38
RET000565,ORD005457,PROD087,2025-01-09,Late Delivery,76.35
RET000566,ORD005460,PROD090,2025-07-19,Customer Changed Mind,130.55
RET000567,ORD005489,PROD069,2024-04-24,Quality Issue,139.65
RET000568,ORD005492,PROD070,2025-11-14,Late Delivery,129.37
RET000569,ORD005525,PROD088,2024-11-21,Quality Issue,125.47
RET000570,ORD005528,PROD074,2024-10-01,Wrong Item,96.82
RET000571,ORD005533,PROD002,2025-08-24,Wrong Item,76.79
RET000572,ORD005536,PROD058,2025-03-13,Customer Changed Mind,88.28
RET000573,ORD005538,PROD033,2024-04-27,Late Delivery,31.62
RET000574,ORD005549,PROD093,2026-01-08,Quality Issue,116.91
RET000575,ORD005562,PROD092,2024-07-28,Customer Changed Mind,74.36
RET000576,ORD005577,PROD042,2025-07-08,Quality Issue,10.61
RET000577,ORD005583,PROD045,2024-07-04,Quality Issue,43.29
RET000578,ORD005588,PROD093,2024-03-04,Quality Issue,36.59
RET000579,ORD005589,PROD010,2024-05-20,Late Delivery,133.89
RET000580,ORD005593,PROD026,2025-07-08,Quality Issue,24.3
RET000581,ORD005596,PROD055,2024-11-24,Late Delivery,105.91
RET000582,ORD005597,PROD072,2024-07-21,Quality Issue,147.12
RET000583,ORD005606,PROD088,2025-03-15,Quality Issue,30.56
RET000584,ORD005608,PROD069,2024-03-03,Customer Changed Mind,58.34
RET000585,ORD005611,PROD051,2025-08-12,Damaged Item,34.63
RET000586,ORD005619,PROD020,2024-05-17,Damaged Item,77.61
RET000587,ORD005623,PROD044,2025-09-09,Quality Issue,72.39
RET000588,ORD005633,PROD022,2025-05-12,Damaged Item,29.92
RET000589,ORD005657,PROD056,2024-06-24,Damaged Item,62.77
RET000590,ORD005658,PROD100,2025-05-06,Damaged Item,61.74
RET000591,ORD005663,PROD032,2025-06-10,Customer Changed Mind,30.6
RET000592,ORD005664,PROD092,2025-11-26,Customer Changed Mind,58.84
RET000593,ORD005671,PROD089,2025-05-14,Customer Changed Mind,18.45
RET000594,ORD005675,PROD013,2025-04-01,Customer Changed Mind,54.74
RET000595,ORD005688,PROD089,2024-08-26,Damaged Item,73.5
RET000596,ORD005697,PROD008,2024-10-29,Customer Changed Mind,70.25
RET000597,ORD005719,PROD033,2024-05-11,Late Delivery,15.12
RET000598,ORD005736,PROD085,2024-12-14,Quality Issue,104.06
RET000599,ORD005748,PROD013,2024-07-31,Quality Issue,149.22
RET000600,ORD005759,PROD005,2025-10-30,Wrong Item,62.96
RET000601,ORD005775,PROD036,2024-10-10,Damaged Item,79.72
RET000602,ORD005777,PROD002,2024-05-10,Wrong Item,82.63
RET000603,ORD005793,PROD030,2025-04-16,Damaged Item,117.77
RET000604,ORD005811,PROD085,2024-09-12,Customer Changed Mind,102.52
RET000605,ORD005848,PROD087,2024-05-18,Customer Changed Mind,16.46
RET000606,ORD005849,PROD034,2024-10-22,Customer Changed Mind,88.62
RET000607,ORD005867,PROD081,2024-09-17,Damaged Item,73.08
RET000608,ORD005877,PROD093,2025-02-26,Late Delivery,59.64
RET000609,ORD005887,PROD056,2025-11-05,Damaged Item,128.89
RET000610,ORD005904,PROD027,2025-03-30,Quality Issue,10.71
RET000611,ORD005923,PROD032,2024-06-22,Quality Issue,98.43
RET000612,ORD005925,PROD057,2025-04-29,Damaged Item,82.51
RET000613,ORD005927,PROD096,2024-07-14,Late Delivery,146.42
RET000614,ORD005930,PROD070,2025-04-25,Customer Changed Mind,110.22
RET000615,ORD005934,PROD016,2025-09-06,Quality Issue,96.35
RET000616,ORD005936,PROD089,2026-01-03,Quality Issue,32.38
RET000617,ORD005938,PROD053,2025-01-16,Quality Issue,43.4
RET000618,ORD005939,PROD078,2025-06-02,Wrong Item,41.54
RET000619,ORD005955,PROD047,2024-06-17,Customer Changed Mind,98.87
RET000620,ORD005986,PROD055,2024-04-01,Customer Changed Mind,97.89
RET000621,ORD006019,PROD006,2024-07-09,Late Delivery,39.38
RET000622,ORD006057,PROD007,2025-08-18,Damaged Item,127.8
RET000623,ORD006062,PROD087,2024-03-27,Quality Issue,36.99
RET000624,ORD006065,PROD042,2025-09-21,Customer Changed Mind,38.89
RET000625,ORD006081,PROD004,2024-10-21,Quality Issue,128.22
RET000626,ORD006084,PROD089,2024-05-08,Damaged Item,50.79
RET000627,ORD006087,PROD029,2024-12-17,Customer Changed Mind,134.0
RET000628,ORD006090,PROD036,2024-08-01,Customer Changed Mind,134.27
RET000629,ORD006092,PROD064,2024-12-31,Customer Changed Mind,119.09
RET000630,ORD006093,PROD070,2024-12-18,Customer Changed Mind,35.13
RET000631,ORD006102,PROD084,2025-06-14,Customer Changed Mind,21.71
RET000632,ORD006104,PROD066,2024-10-26,Customer Changed Mind,144.33
RET000633,ORD006137,PROD017,2025-04-08,Customer Changed Mind,48.77
RET000634,ORD006148,PROD028,2025-09-05,Damaged Item,89.36
RET000635,ORD006179,PROD064,2024-11-04,Wrong Item,51.66
RET000636,ORD006181,PROD084,2025-01-08,Quality Issue,89.05
RET000637,ORD006187,PROD084,2024-04-04,Customer Changed Mind,42.93
RET000638,ORD006215,PROD076,2025-12-09,Wrong Item,137.65
RET000639,ORD006226,PROD008,2025-02-16,Wrong Item,146.7
RET000640,ORD006246,PROD036,2024-12-26,Customer Changed Mind,71.88
RET000641,ORD006269,PROD035,2025-04-25,Quality Issue,87.24
RET000642,ORD006277,PROD069,2025-07-16,Late Delivery,17.09
RET000643,ORD006278,PROD087,2025-08-27,Wrong Item,62.32
RET000644,ORD006297,PROD088,2024-04-26,Late Delivery,37.99
RET000645,ORD006301,PROD035,2024-09-07,Quality Issue,44.46
RET000646,ORD006302,PROD090,2024-11-04,Wrong Item,31.99
RET000647,ORD006327,PROD047,2025-08-15,Quality Issue,62.99
RET000648,ORD006335,PROD020,2024-10-20,Wrong Item,108.27
RET000649,ORD006345,PROD008,2025-10-02,Customer Changed Mind,78.41
RET000650,ORD006368,PROD013,2024-08-21,Damaged Item,76.17
RET000651,ORD006370,PROD085,2025-03-19,Wrong Item,99.04
RET000652,ORD006378,PROD072,2024-06-08,Wrong Item,42.32
RET000653,ORD006379,PROD029,2025-08-20,Damaged Item,16.93
RET000654,ORD006396,PROD042,2025-08-16,Quality Issue,115.1
RET000655,ORD006405,PROD086,2024-03-14,Wrong Item,69.71
RET000656,ORD006409,PROD039,2025-03-08,Customer Changed Mind,99.15
RET000657,ORD006416,PROD092,2025-06-12,Late Delivery,148.83
RET000658,ORD006426,PROD031,2024-03-10,Wrong Item,132.07
RET000659,ORD006431,PROD005,2025-01-21,Customer Changed Mind,71.16
RET000660,ORD006460,PROD018,2025-01-02,Wrong Item,99.4
RET000661,ORD006470,PROD094,2024-05-27,Customer Changed Mind,40.5
RET000662,ORD006478,PROD071,2025-08-16,Wrong Item,105.03
RET000663,ORD006487,PROD089,2025-03-26,Damaged Item,75.59
RET000664,ORD006488,PROD077,2025-03-02,Customer Changed Mind,15.56
RET000665,ORD006492,PROD046,2024-11-17,Damaged Item,129.92
RET000666,ORD006504,PROD051,2024-02-25,Damaged Item,24.03
RET000667,ORD006561,PROD033,2025-06-01,Damaged Item,63.84
RET000668,ORD006572,PROD069,2025-12-20,Late Delivery,85.68
RET000669,ORD006573,PROD054,2024-08-26,Customer Changed Mind,143.2
RET000670,ORD006592,PROD061,2025-07-03,Wrong Item,102.45
RET000671,ORD006594,PROD063,2024-11-20,Wrong Item,93.58
RET000672,ORD006603,PROD002,2025-09-11,Damaged Item,39.33
RET000673,ORD006604,PROD013,2025-06-26,Customer Changed Mind,14.56
RET000674,ORD006623,PROD076,2025-02-06,Customer Changed Mind,83.1
RET000675,ORD006633,PROD077,2025-06-10,Damaged Item,30.93
RET000676,ORD006637,PROD068,2024-02-14,Damaged Item,119.02
RET000677,ORD006670,PROD089,2024-01-27,Quality Issue,94.27
RET000678,ORD006696,PROD046,2025-10-28,Late Delivery,75.28
RET000679,ORD006713,PROD074,2025-06-15,Wrong Item,143.72
RET000680,ORD006720,PROD046,2025-01-16,Wrong Item,143.17
RET000681,ORD006724,PROD048,2025-06-01,Damaged Item,45.91
RET000682,ORD006737,PROD037,2024-07-25,Customer Changed Mind,123.02
RET000683,ORD006741,PROD044,2025-01-06,Wrong Item,72.73
RET000684,ORD006751,PROD088,2024-03-01,Customer Changed Mind,103.42
RET000685,ORD006756,PROD023,2025-01-30,Customer Changed Mind,138.34
RET000686,ORD006771,PROD031,2025-04-02,Customer Changed Mind,100.09
RET000687,ORD006791,PROD048,2025-11-05,Quality Issue,68.63
RET000688,ORD006792,PROD001,2025-08-15,Customer Changed Mind,34.22
RET000689,ORD006797,PROD033,2024-08-03,Late Delivery,127.56
RET000690,ORD006805,PROD091,2024-07-22,Damaged Item,141.96
RET000691,ORD006806,PROD091,2025-03-16,Wrong Item,132.69
RET000692,ORD006807,PROD076,2025-06-07,Customer Changed Mind,59.14
RET000693,ORD006809,PROD065,2024-02-28,Customer Changed Mind,99.32
RET000694,ORD006834,PROD047,2024-07-16,Wrong Item,53.75
RET000695,ORD006845,PROD051,2024-07-19,Quality Issue,102.61
RET000696,ORD006853,PROD028,2025-12-28,Damaged Item,144.32
RET000697,ORD006857,PROD100,2024-09-17,Quality Issue,66.4
RET000698,ORD006862,PROD033,2025-09-20,Late Delivery,139.12
RET000699,ORD006876,PROD045,2025-07-10,Customer Changed Mind,67.38
RET000700,ORD006880,PROD077,2025-11-14,Quality Issue,145.65
RET000701,ORD006912,PROD008,2025-10-31,Damaged Item,125.13
RET000702,ORD006926,PROD039,2024-03-15,Customer Changed Mind,79.32
RET000703,ORD006956,PROD086,2025-10-08,Quality Issue,38.22
RET000704,ORD006959,PROD083,2025-08-24,Damaged Item,106.01
RET000705,ORD006963,PROD075,2025-03-01,Damaged Item,141.26
RET000706,ORD006990,PROD060,2024-06-12,Late Delivery,84.26
RET000707,ORD006996,PROD083,2024-07-27,Wrong Item,120.9
RET000708,ORD006997,PROD071,2024-07-05,Damaged Item,11.76
RET000709,ORD007011,PROD022,2024-10-23,Quality Issue,25.64
RET000710,ORD007015,PROD046,2025-11-19,Wrong Item,62.54
RET000711,ORD007024,PROD068,2025-04-06,Damaged Item,98.71
RET000712,ORD007028,PROD028,2024-09-16,Damaged Item,86.85
RET000713,ORD007034,PROD071,2025-03-23,Quality Issue,79.67
RET000714,ORD007036,PROD010,2024-06-25,Damaged Item,106.92
RET000715,ORD007037,PROD006,2024-04-24,Damaged Item,63.79
RET000716,ORD007055,PROD010,2025-05-09,Quality Issue,12.91
RET000717,ORD007064,PROD045,2025-10-14,Wrong Item,22.14
RET000718,ORD007074,PROD088,2025-01-05,Late Delivery,122.11
RET000719,ORD007075,PROD041,2024-08-23,Customer Changed Mind,141.91
RET000720,ORD007076,PROD098,2024-02-24,Quality Issue,84.55
RET000721,ORD007078,PROD069,2025-06-19,Damaged Item,24.49
RET000722,ORD007084,PROD003,2024-10-28,Customer Changed Mind,28.91
RET000723,ORD007108,PROD034,2024-03-28,Quality Issue,102.32
RET000724,ORD007109,PROD082,2025-09-11,Wrong Item,40.91
RET000725,ORD007112,PROD010,2024-05-23,Damaged Item,61.34
RET000726,ORD007128,PROD075,2025-06-18,Quality Issue,113.48
RET000727,ORD007140,PROD046,2025-01-16,Late Delivery,98.6
RET000728,ORD007145,PROD051,2024-05-24,Damaged Item,25.23
RET000729,ORD007148,PROD059,2024-10-11,Late Delivery,125.43
RET000730,ORD007149,PROD055,2025-12-25,Damaged Item,42.94
RET000731,ORD007150,PROD054,2024-10-25,Quality Issue,106.13
RET000732,ORD007170,PROD075,2025-03-16,Wrong Item,100.21
RET000733,ORD007176,PROD046,2024-05-13,Wrong Item,129.56
RET000734,ORD007181,PROD095,2024-10-17,Wrong Item,142.42
RET000735,ORD007201,PROD053,2024-09-24,Quality Issue,30.95
RET000736,ORD007207,PROD085,2025-02-12,Damaged Item,63.47
RET000737,ORD007212,PROD097,2025-10-03,Quality Issue,117.15
RET000738,ORD007221,PROD026,2025-10-21,Quality Issue,19.66
RET000739,ORD007224,PROD093,2024-09-05,Damaged Item,48.45
RET000740,ORD007239,PROD076,2024-11-10,Late Delivery,22.28
RET000741,ORD007255,PROD034,2024-10-15,Quality Issue,127.76
RET000742,ORD007260,PROD057,2024-11-18,Damaged Item,90.98
RET000743,ORD007263,PROD051,2024-09-19,Damaged Item,99.23
RET000744,ORD007266,PROD063,2024-07-26,Customer Changed Mind,116.35
RET000745,ORD007267,PROD069,2025-08-27,Wrong Item,58.43
RET000746,ORD007281,PROD090,2025-01-27,Damaged Item,134.49
RET000747,ORD007286,PROD012,2025-05-03,Quality Issue,43.24
RET000748,ORD007288,PROD092,2024-08-12,Customer Changed Mind,102.52
RET000749,ORD007303,PROD094,2024-10-28,Quality Issue,42.03
RET000750,ORD007316,PROD018,2025-05-09,Wrong Item,139.62
RET000751,ORD007317,PROD012,2024-11-13,Damaged Item,54.96
RET000752,ORD007328,PROD009,2024-03-06,Damaged Item,15.9
RET000753,ORD007338,PROD095,2024-07-21,Customer Changed Mind,17.13
RET000754,ORD007339,PROD023,2025-12-03,Quality Issue,83.15
RET000755,ORD007345,PROD098,2024-06-17,Late Delivery,35.91
RET000756,ORD007355,PROD060,2025-11-27,Wrong Item,89.03
RET000757,ORD007360,PROD066,2024-12-01,Damaged Item,115.12
RET000758,ORD007361,PROD073,2025-06-09,Damaged Item,64.82
RET000759,ORD007381,PROD085,2024-08-30,Customer Changed Mind,13.22
RET000760,ORD007393,PROD022,2025-09-24,Quality Issue,50.42
RET000761,ORD007394,PROD060,2025-12-17,Damaged Item,64.1
RET000762,ORD007413,PROD047,2025-08-21,Damaged Item,63.05
RET000763,ORD007417,PROD055,2025-08-11,Customer Changed Mind,145.46
RET000764,ORD007419,PROD085,2024-09-09,Quality Issue,42.38
RET000765,ORD007423,PROD040,2024-07-11,Customer Changed Mind,11.32
RET000766,ORD007426,PROD015,2025-09-27,Customer Changed Mind,119.58
RET000767,ORD007443,PROD013,2024-07-19,Damaged Item,64.7
RET000768,ORD007453,PROD033,2025-06-06,Damaged Item,49.84
RET000769,ORD007464,PROD004,2024-02-19,Customer Changed Mind,120.53
RET000770,ORD007468,PROD073,2024-12-30,Late Delivery,123.86
RET000771,ORD007471,PROD070,2025-11-08,Late Delivery,120.78
RET000772,ORD007472,PROD016,2025-11-12,Quality Issue,62.41
RET000773,ORD007482,PROD094,2024-11-30,Quality Issue,101.37
RET000774,ORD007484,PROD072,2025-06-28,Late Delivery,142.34
RET000775,ORD007492,PROD041,2025-07-26,Quality Issue,56.13
RET000776,ORD007497,PROD053,2024-03-03,Quality Issue,97.27
RET000777,ORD007498,PROD015,2024-10-08,Wrong Item,120.4
RET000778,ORD007520,PROD044,2024-09-02,Quality Issue,84.79
RET000779,ORD007541,PROD036,2024-11-02,Damaged Item,51.91
RET000780,ORD007551,PROD081,2024-12-07,Customer Changed Mind,127.27
RET000781,ORD007553,PROD030,2024-01-22,Customer Changed Mind,130.19
RET000782,ORD007572,PROD042,2025-11-20,Customer Changed Mind,90.51
RET000783,ORD007594,PROD054,2024-11-14,Wrong Item,57.68
RET000784,ORD007615,PROD018,2024-09-30,Quality Issue,147.26
RET000785,ORD007633,PROD097,2025-10-21,Customer Changed Mind,116.69
RET000786,ORD007637,PROD031,2025-10-19,Wrong Item,84.03
RET000787,ORD007664,PROD001,2024-06-05,Wrong Item,91.99
RET000788,ORD007691,PROD036,2025-11-24,Damaged Item,46.72
RET000789,ORD007707,PROD042,2025-08-12,Late Delivery,121.92
RET000790,ORD007724,PROD055,2025-09-07,Late Delivery,115.12
RET000791,ORD007728,PROD075,2025-10-19,Damaged Item,66.7
RET000792,ORD007740,PROD100,2024-01-29,Quality Issue,20.46
RET000793,ORD007749,PROD026,2024-06-20,Quality Issue,67.41
RET000794,ORD007771,PROD058,2025-04-10,Customer Changed Mind,121.27
RET000795,ORD007775,PROD097,2025-06-23,Damaged Item,120.98
RET000796,ORD007778,PROD035,2025-11-16,Wrong Item,56.35
RET000797,ORD007783,PROD057,2024-07-21,Wrong Item,143.26
RET000798,ORD007805,PROD081,2024-07-18,Damaged Item,78.89
RET000799,ORD007806,PROD045,2025-12-21,Damaged Item,76.3
RET000800,ORD007812,PROD036,2025-06-07,Damaged Item,75.23
RET000801,ORD007843,PROD038,2025-02-05,Customer Changed Mind,35.08
RET000802,ORD007856,PROD044,2024-09-29,Quality Issue,13.21
RET000803,ORD007863,PROD018,2025-12-16,Late Delivery,61.59
RET000804,ORD007882,PROD037,2025-06-08,Damaged Item,122.82
RET000805,ORD007884,PROD063,2025-05-09,Damaged Item,37.79
RET000806,ORD007889,PROD018,2024-02-01,Damaged Item,26.07
RET000807,ORD007909,PROD043,2024-11-16,Quality Issue,102.03
RET000808,ORD007917,PROD096,2024-03-14,Late Delivery,82.96
RET000809,ORD007924,PROD016,2024-11-20,Late Delivery,88.71
RET000810,ORD007933,PROD036,2024-03-24,Damaged Item,39.1
RET000811,ORD007936,PROD097,2024-05-17,Damaged Item,138.36
RET000812,ORD007953,PROD099,2025-02-16,Customer Changed Mind,71.84
RET000813,ORD007966,PROD041,2025-08-22,Quality Issue,137.3
RET000814,ORD007968,PROD060,2024-11-08,Damaged Item,57.24
RET000815,ORD007977,PROD015,2025-10-27,Wrong Item,65.51
RET000816,ORD007988,PROD087,2024-07-19,Customer Changed Mind,74.28
RET000817,ORD008004,PROD014,2025-07-09,Quality Issue,72.55
RET000818,ORD008006,PROD077,2024-02-25,Quality Issue,31.26
RET000819,ORD008007,PROD086,2024-11-19,Damaged Item,79.33
RET000820,ORD008021,PROD020,2025-06-11,Late Delivery,41.75
RET000821,ORD008035,PROD071,2024-10-22,Customer Changed Mind,62.53
RET000822,ORD008041,PROD036,2024-10-29,Quality Issue,106.05
RET000823,ORD008044,PROD048,2025-09-30,Damaged Item,42.05
RET000824,ORD008075,PROD070,2025-07-13,Damaged Item,125.05
RET000825,ORD008084,PROD096,2024-10-28,Damaged Item,69.78
RET000826,ORD008089,PROD092,2024-03-23,Damaged Item,140.41
RET000827,ORD008111,PROD030,2024-09-12,Damaged Item,35.09
RET000828,ORD008128,PROD067,2025-06-09,Customer Changed Mind,32.54
RET000829,ORD008141,PROD089,2025-01-14,Wrong Item,90.93
RET000830,ORD008149,PROD074,2025-11-26,Damaged Item,24.28
RET000831,ORD008151,PROD061,2025-08-12,Wrong Item,139.97
RET000832,ORD008152,PROD032,2024-06-28,Customer Changed Mind,57.34
RET000833,ORD008163,PROD057,2024-06-08,Wrong Item,87.73
RET000834,ORD008167,PROD036,2024-10-17,Damaged Item,65.64
RET000835,ORD008181,PROD062,2024-09-14,Wrong Item,113.92
RET000836,ORD008198,PROD093,2024-10-02,Late Delivery,120.1
RET000837,ORD008208,PROD030,2024-05-24,Damaged Item,76.64
RET000838,ORD008231,PROD095,2025-11-24,Damaged Item,75.77
RET000839,ORD008257,PROD038,2025-01-19,Damaged Item,54.62
RET000840,ORD008260,PROD058,2024-12-08,Quality Issue,118.63
RET000841,ORD008290,PROD014,2025-07-18,Quality Issue,51.23
RET000842,ORD008291,PROD038,2025-10-16,Damaged Item,62.31
RET000843,ORD008298,PROD082,2025-06-19,Late Delivery,58.8
RET000844,ORD008347,PROD077,2024-03-19,Customer Changed Mind,40.38
RET000845,ORD008374,PROD030,2024-07-13,Wrong Item,55.73
RET000846,ORD008381,PROD008,2025-08-02,Damaged Item,80.99
RET000847,ORD008396,PROD098,2024-10-27,Late Delivery,118.32
RET000848,ORD008407,PROD084,2024-05-06,Customer Changed Mind,133.21
RET000849,ORD008410,PROD022,2025-03-31,Quality Issue,95.5
RET000850,ORD008436,PROD010,2024-06-09,Quality Issue,48.09
RET000851,ORD008445,PROD055,2024-10-31,Customer Changed Mind,27.27
RET000852,ORD008459,PROD062,2025-04-03,Wrong Item,37.69
RET000853,ORD008461,PROD010,2025-01-19,Damaged Item,69.5
RET000854,ORD008472,PROD089,2024-10-12,Quality Issue,17.99
RET000855,ORD008482,PROD023,2024-07-25,Quality Issue,88.96
RET000856,ORD008512,PROD057,2024-01-10,Wrong Item,47.03
RET000857,ORD008518,PROD071,2024-08-14,Damaged Item,83.23
RET000858,ORD008563,PROD045,2025-07-14,Quality Issue,78.62
RET000859,ORD008566,PROD011,2025-03-22,Customer Changed Mind,85.83
RET000860,ORD008587,PROD050,2025-11-28,Quality Issue,106.18
RET000861,ORD008589,PROD095,2024-11-13,Late Delivery,76.12
RET000862,ORD008603,PROD056,2025-02-04,Wrong Item,144.95
RET000863,ORD008607,PROD018,2025-05-05,Damaged Item,108.28
RET000864,ORD008615,PROD073,2024-12-20,Customer Changed Mind,133.85
RET000865,ORD008637,PROD074,2024-07-10,Late Delivery,10.23
RET000866,ORD008643,PROD056,2024-04-12,Damaged Item,75.65
RET000867,ORD008663,PROD003,2024-03-03,Customer Changed Mind,20.58
RET000868,ORD008718,PROD029,2024-06-23,Damaged Item,136.21
RET000869,ORD008726,PROD006,2025-05-15,Late Delivery,15.82
RET000870,ORD008734,PROD045,2025-12-23,Customer Changed Mind,12.09
RET000871,ORD008749,PROD080,2024-05-31,Late Delivery,72.09
RET000872,ORD008805,PROD032,2024-02-14,Quality Issue,13.59
RET000873,ORD008806,PROD066,2025-02-13,Damaged Item,42.75
RET000874,ORD008810,PROD027,2024-02-14,Customer Changed Mind,47.1
RET000875,ORD008826,PROD016,2024-02-01,Damaged Item,79.95
RET000876,ORD008830,PROD054,2024-07-26,Customer Changed Mind,97.51
RET000877,ORD008849,PROD052,2024-10-30,Quality Issue,84.92
RET000878,ORD008856,PROD008,2025-08-25,Quality Issue,41.04
RET000879,ORD008859,PROD021,2024-08-31,Damaged Item,134.15
RET000880,ORD008874,PROD042,2025-11-29,Customer Changed Mind,37.18
RET000881,ORD008919,PROD054,2025-07-01,Damaged Item,74.53
RET000882,ORD008924,PROD082,2024-07-02,Customer Changed Mind,53.95
RET000883,ORD008942,PROD019,2024-07-13,Damaged Item,132.84
RET000884,ORD008946,PROD029,2024-12-29,Damaged Item,17.92
RET000885,ORD008960,PROD087,2025-02-22,Quality Issue,73.5
RET000886,ORD008962,PROD069,2024-10-08,Wrong Item,55.99
RET000887,ORD008975,PROD062,2024-05-21,Customer Changed Mind,55.12
RET000888,ORD008976,PROD095,2024-10-17,Damaged Item,43.74
RET000889,ORD008982,PROD099,2025-03-14,Damaged Item,57.79
RET000890,ORD008993,PROD049,2025-09-07,Wrong Item,31.19
RET000891,ORD008994,PROD015,2024-03-03,Damaged Item,68.17
RET000892,ORD008996,PROD043,2025-04-27,Customer Changed Mind,105.87
RET000893,ORD009003,PROD086,2024-02-10,Wrong Item,102.74
RET000894,ORD009038,PROD008,2024-02-26,Damaged Item,136.76
RET000895,ORD009039,PROD067,2024-04-03,Late Delivery,114.03
RET000896,ORD009049,PROD096,2025-10-01,Damaged Item,64.09
RET000897,ORD009055,PROD032,2025-01-25,Quality Issue,78.76
RET000898,ORD009065,PROD070,2025-05-16,Damaged Item,139.95
RET000899,ORD009078,PROD076,2025-04-03,Damaged Item,93.36
RET000900,ORD009080,PROD075,2024-07-30,Customer Changed Mind,61.43
RET000901,ORD009087,PROD076,2024-10-21,Quality Issue,24.1
RET000902,ORD009088,PROD027,2025-02-08,Damaged Item,26.81
RET000903,ORD009091,PROD010,2024-10-17,Damaged Item,125.59
RET000904,ORD009093,PROD019,2024-03-18,Customer Changed Mind,98.12
RET000905,ORD009106,PROD065,2025-08-06,Wrong Item,144.53
RET000906,ORD009116,PROD092,2025-09-20,Damaged Item,54.45
RET000907,ORD009117,PROD046,2024-06-18,Damaged Item,59.38
RET000908,ORD009136,PROD001,2025-08-31,Customer Changed Mind,79.17
RET000909,ORD009146,PROD073,2024-09-10,Quality Issue,128.54
RET000910,ORD009150,PROD014,2025-08-06,Late Delivery,113.07
RET000911,ORD009169,PROD030,2025-12-10,Damaged Item,129.11
RET000912,ORD009175,PROD040,2025-09-02,Quality Issue,94.64
RET000913,ORD009177,PROD033,2024-06-22,Late Delivery,43.06
RET000914,ORD009181,PROD020,2025-04-16,Late Delivery,23.63
RET000915,ORD009207,PROD025,2024-02-25,Late Delivery,35.47
RET000916,ORD009210,PROD056,2024-05-11,Quality Issue,116.57
RET000917,ORD009232,PROD060,2025-11-11,Quality Issue,83.23
RET000918,ORD009255,PROD044,2024-01-21,Damaged Item,62.33
RET000919,ORD009263,PROD075,2024-08-15,Customer Changed Mind,61.52
RET000920,ORD009264,PROD032,2025-06-24,Wrong Item,88.89
RET000921,ORD009268,PROD040,2025-07-02,Damaged Item,51.47
RET000922,ORD009272,PROD086,2025-07-13,Late Delivery,31.04
RET000923,ORD009275,PROD083,2024-07-29,Customer Changed Mind,129.33
RET000924,ORD009299,PROD030,2025-01-03,Late Delivery,56.58
RET000925,ORD009302,PROD005,2025-10-13,Late Delivery,21.59
RET000926,ORD009312,PROD068,2024-05-12,Quality Issue,123.68
RET000927,ORD009315,PROD080,2024-09-04,Customer Changed Mind,80.35
RET000928,ORD009326,PROD057,2024-08-05,Late Delivery,94.11
RET000929,ORD009364,PROD016,2024-03-25,Customer Changed Mind,81.53
RET000930,ORD009372,PROD079,2025-10-12,Wrong Item,36.02
RET000931,ORD009373,PROD058,2024-01-27,Damaged Item,74.0
RET000932,ORD009380,PROD062,2025-04-24,Damaged Item,146.8
RET000933,ORD009381,PROD012,2025-02-23,Wrong Item,136.85
RET000934,ORD009388,PROD052,2025-10-09,Customer Changed Mind,25.58
RET000935,ORD009389,PROD063,2024-10-23,Damaged Item,13.46
RET000936,ORD009403,PROD055,2024-06-03,Quality Issue,93.38
RET000937,ORD009407,PROD035,2024-04-30,Wrong Item,10.11
RET000938,ORD009411,PROD009,2025-07-18,Damaged Item,22.56
RET000939,ORD009454,PROD054,2024-11-14,Customer Changed Mind,19.93
RET000940,ORD009478,PROD009,2025-05-28,Damaged Item,54.98
RET000941,ORD009485,PROD069,2025-04-26,Damaged Item,37.22
RET000942,ORD009493,PROD094,2024-02-06,Customer Changed Mind,142.96
RET000943,ORD009497,PROD028,2025-08-29,Late Delivery,116.93
RET000944,ORD009502,PROD004,2024-02-07,Wrong Item,33.12
RET000945,ORD009514,PROD100,2024-11-30,Damaged Item,68.83
RET000946,ORD009517,PROD059,2024-04-22,Customer Changed Mind,86.17
RET000947,ORD009528,PROD005,2025-10-16,Wrong Item,135.37
RET000948,ORD009533,PROD086,2025-02-05,Customer Changed Mind,98.85
RET000949,ORD009545,PROD068,2024-12-12,Wrong Item,84.58
RET000950,ORD009564,PROD060,2025-01-21,Customer Changed Mind,89.65
RET000951,ORD009584,PROD090,2025-04-12,Customer Changed Mind,59.15
RET000952,ORD009607,PROD059,2025-12-11,Wrong Item,58.89
RET000953,ORD009629,PROD024,2024-07-10,Late Delivery,136.52
RET000954,ORD009630,PROD064,2025-07-13,Late Delivery,117.64
RET000955,ORD009651,PROD006,2024-10-19,Quality Issue,29.64
RET000956,ORD009658,PROD035,2025-04-05,Damaged Item,19.93
RET000957,ORD009659,PROD052,2024-07-10,Customer Changed Mind,42.96
RET000958,ORD009665,PROD089,2024-11-04,Customer Changed Mind,139.73
RET000959,ORD009678,PROD013,2024-07-05,Damaged Item,149.17
RET000960,ORD009693,PROD030,2025-06-18,Customer Changed Mind,136.24
RET000961,ORD009694,PROD027,2024-09-24,Wrong Item,81.09
RET000962,ORD009714,PROD006,2025-06-14,Quality Issue,91.37
RET000963,ORD009718,PROD005,2024-06-29,Customer Changed Mind,62.42
RET000964,ORD009723,PROD005,2025-07-04,Damaged Item,50.61
RET000965,ORD009730,PROD068,2024-08-15,Customer Changed Mind,40.61
RET000966,ORD009735,PROD042,2025-02-16,Customer Changed Mind,120.46
RET000967,ORD009738,PROD026,2024-06-06,Wrong Item,10.08
RET000968,ORD009770,PROD011,2025-07-04,Customer Changed Mind,53.84
RET000969,ORD009771,PROD093,2024-12-19,Quality Issue,37.4
RET000970,ORD009774,PROD036,2025-12-13,Quality Issue,48.68
RET000971,ORD009777,PROD083,2025-07-07,Wrong Item,55.31
RET000972,ORD009799,PROD083,2025-04-08,Quality Issue,50.04
RET000973,ORD009803,PROD092,2024-12-02,Customer Changed Mind,45.74
RET000974,ORD009872,PROD055,2025-03-20,Late Delivery,44.13
RET000975,ORD009887,PROD002,2024-03-08,Customer Changed Mind,21.35
RET000976,ORD009894,PROD003,2024-12-16,Customer Changed Mind,91.56
RET000977,ORD009919,PROD068,2024-04-18,Wrong Item,137.4
RET000978,ORD009932,PROD026,2025-01-05,Customer Changed Mind,65.6
RET000979,ORD009942,PROD068,2025-02-24,Late Delivery,67.21
RET000980,ORD009964,PROD079,2024-08-24,Damaged Item,10.56
RET000981,ORD009981,PROD086,2025-08-11,Quality Issue,136.43
RET000982,ORD009985,PROD047,2025-09-26,Late Delivery,125.81
RET000983,ORD009987,PROD075,2025-12-15,Damaged Item,142.71
RET000984,ORD009988,PROD034,2024-12-30,Wrong Item,124.9
RET000985,ORD009991,PROD022,2025-12-17,Wrong Item,101.38
RET000986,ORD010015,PROD033,2024-07-24,Wrong Item,66.61
RET000987,ORD010019,PROD059,2024-06-03,Customer Changed Mind,140.82
RET000988,ORD010029,PROD041,2025-02-12,Wrong Item,92.19
RET000989,ORD010037,PROD085,2025-03-24,Wrong Item,59.67
RET000990,ORD010051,PROD018,2025-06-22,Customer Changed Mind,58.27
RET000991,ORD010059,PROD090,2024-02-06,Quality Issue,61.76
RET000992,ORD010061,PROD034,2025-01-16,Damaged Item,40.88
RET000993,ORD010068,PROD048,2024-05-29,Customer Changed Mind,85.29
RET000994,ORD010070,PROD067,2024-04-01,Damaged Item,100.96
RET000995,ORD010071,PROD085,2024-04-19,Damaged Item,12.22
RET000996,ORD010082,PROD094,2025-03-13,Wrong Item,118.22
RET000997,ORD010095,PROD007,2024-04-08,Wrong Item,51.36
RET000998,ORD010102,PROD005,2024-02-14,Wrong Item,75.89
RET000999,ORD010105,PROD093,2024-04-26,Wrong Item,85.02
RET001000,ORD010115,PROD010,2025-12-15,Customer Changed Mind,23.24
RET001001,ORD010118,PROD027,2024-06-24,Late Delivery,134.12
RET001002,ORD010120,PROD050,2025-02-08,Quality Issue,68.08
RET001003,ORD010127,PROD068,2024-10-06,Damaged Item,49.42
RET001004,ORD010156,PROD091,2026-01-04,Wrong Item,67.44
RET001005,ORD010165,PROD052,2024-04-06,Late Delivery,19.96
RET001006,ORD010180,PROD033,2025-06-11,Damaged Item,105.37
RET001007,ORD010186,PROD037,2025-04-23,Quality Issue,60.95
RET001008,ORD010195,PROD003,2024-08-21,Customer Changed Mind,47.24
RET001009,ORD010212,PROD023,2025-10-15,Customer Changed Mind,61.3
RET001010,ORD010217,PROD014,2024-10-11,Quality Issue,65.72
RET001011,ORD010235,PROD022,2024-08-25,Quality Issue,129.28
RET001012,ORD010239,PROD005,2024-09-28,Damaged Item,59.7
RET001013,ORD010241,PROD081,2025-01-30,Damaged Item,124.21
RET001014,ORD010245,PROD061,2024-02-29,Quality Issue,32.66
RET001015,ORD010246,PROD055,2024-06-14,Wrong Item,137.06
RET001016,ORD010280,PROD034,2025-08-19,Damaged Item,59.71
RET001017,ORD010282,PROD094,2024-09-24,Wrong Item,75.78
RET001018,ORD010294,PROD080,2024-04-25,Quality Issue,24.2
RET001019,ORD010303,PROD074,2024-07-31,Damaged Item,76.37
RET001020,ORD010306,PROD009,2025-06-18,Customer Changed Mind,31.62
RET001021,ORD010319,PROD059,2024-08-14,Damaged Item,13.39
RET001022,ORD010321,PROD002,2025-08-13,Wrong Item,103.88
RET001023,ORD010336,PROD011,2025-11-04,Damaged Item,91.5
RET001024,ORD010349,PROD012,2024-02-27,Customer Changed Mind,14.99
RET001025,ORD010358,PROD049,2025-05-10,Damaged Item,107.68
RET001026,ORD010372,PROD054,2025-03-15,Damaged Item,33.53
RET001027,ORD010382,PROD040,2024-08-22,Quality Issue,65.69
RET001028,ORD010391,PROD091,2024-02-22,Quality Issue,141.26
RET001029,ORD010395,PROD007,2024-06-21,Late Delivery,21.09
RET001030,ORD010447,PROD045,2024-03-08,Late Delivery,102.45
RET001031,ORD010464,PROD047,2024-11-14,Late Delivery,94.22
RET001032,ORD010471,PROD036,2025-08-24,Customer Changed Mind,68.8
RET001033,ORD010476,PROD100,2025-07-16,Damaged Item,116.42
RET001034,ORD010486,PROD012,2025-05-08,Customer Changed Mind,137.08
RET001035,ORD010498,PROD073,2025-03-21,Damaged Item,145.98
RET001036,ORD010502,PROD004,2024-10-15,Quality Issue,99.3
RET001037,ORD010504,PROD095,2025-01-23,Quality Issue,21.98
RET001038,ORD010511,PROD058,2025-04-22,Late Delivery,126.23
RET001039,ORD010512,PROD049,2025-04-13,Damaged Item,39.44
RET001040,ORD010520,PROD068,2025-03-29,Customer Changed Mind,39.8
RET001041,ORD010527,PROD066,2025-01-26,Wrong Item,110.81
RET001042,ORD010541,PROD066,2025-10-03,Damaged Item,58.15
RET001043,ORD010552,PROD021,2025-03-17,Customer Changed Mind,89.92
RET001044,ORD010562,PROD049,2024-10-16,Quality Issue,48.2
RET001045,ORD010571,PROD034,2024-11-06,Customer Changed Mind,62.75
RET001046,ORD010572,PROD040,2025-01-28,Late Delivery,32.31
RET001047,ORD010601,PROD076,2024-08-19,Customer Changed Mind,121.81
RET001048,ORD010611,PROD031,2025-05-12,Late Delivery,112.32
RET001049,ORD010615,PROD065,2024-05-06,Late Delivery,41.15
RET001050,ORD010616,PROD038,2024-06-19,Wrong Item,148.52
RET001051,ORD010636,PROD087,2025-02-19,Quality Issue,44.77
RET001052,ORD010645,PROD050,2026-01-16,Customer Changed Mind,25.99
RET001053,ORD010649,PROD019,2025-03-17,Customer Changed Mind,77.5
RET001054,ORD010655,PROD012,2025-01-19,Customer Changed Mind,131.88
RET001055,ORD010676,PROD028,2024-12-17,Late Delivery,96.7
RET001056,ORD010689,PROD068,2025-05-01,Late Delivery,54.63
RET001057,ORD010694,PROD052,2024-03-05,Quality Issue,19.7
RET001058,ORD010733,PROD033,2025-10-25,Quality Issue,110.77
RET001059,ORD010753,PROD060,2024-09-04,Quality Issue,34.84
RET001060,ORD010758,PROD021,2025-10-02,Late Delivery,135.3
RET001061,ORD010764,PROD034,2025-10-30,Damaged Item,134.14
RET001062,ORD010770,PROD083,2024-09-15,Late Delivery,57.35
RET001063,ORD010776,PROD094,2024-08-09,Damaged Item,107.03
RET001064,ORD010784,PROD045,2024-10-31,Customer Changed Mind,130.11
RET001065,ORD010810,PROD001,2024-04-15,Damaged Item,31.78
RET001066,ORD010846,PROD009,2024-01-23,Damaged Item,103.74
RET001067,ORD010856,PROD041,2025-04-12,Wrong Item,122.3
RET001068,ORD010864,PROD085,2025-06-01,Wrong Item,72.77
RET001069,ORD010869,PROD025,2024-04-13,Quality Issue,57.73
RET001070,ORD010891,PROD013,2024-10-05,Wrong Item,134.29
RET001071,ORD010909,PROD067,2025-06-14,Wrong Item,61.62
RET001072,ORD010910,PROD085,2025-04-01,Damaged Item,21.87
RET001073,ORD010913,PROD034,2024-12-06,Damaged Item,100.93
RET001074,ORD010922,PROD097,2024-06-09,Wrong Item,134.99
RET001075,ORD010930,PROD036,2024-02-08,Customer Changed Mind,24.32
RET001076,ORD010956,PROD054,2025-10-26,Customer Changed Mind,133.96
RET001077,ORD010963,PROD048,2025-05-23,Quality Issue,30.58
RET001078,ORD010973,PROD072,2024-01-07,Quality Issue,145.49
RET001079,ORD010989,PROD077,2025-06-27,Quality Issue,68.92
RET001080,ORD010998,PROD056,2025-04-04,Quality Issue,103.14
RET001081,ORD011004,PROD015,2024-10-24,Quality Issue,126.14
RET001082,ORD011006,PROD052,2024-11-20,Quality Issue,32.71
RET001083,ORD011034,PROD056,2024-11-29,Late Delivery,108.84
RET001084,ORD011056,PROD071,2025-07-27,Damaged Item,129.19
RET001085,ORD011068,PROD063,2025-03-30,Damaged Item,113.23
RET001086,ORD011069,PROD090,2025-05-09,Damaged Item,51.44
RET001087,ORD011075,PROD033,2024-11-19,Customer Changed Mind,120.6
RET001088,ORD011104,PROD083,2024-12-06,Quality Issue,11.36
RET001089,ORD011107,PROD085,2025-07-07,Quality Issue,100.24
RET001090,ORD011110,PROD001,2024-05-02,Customer Changed Mind,73.52
RET001091,ORD011114,PROD079,2025-02-09,Damaged Item,133.48
RET001092,ORD011125,PROD041,2024-10-16,Customer Changed Mind,77.48
RET001093,ORD011128,PROD086,2025-04-02,Customer Changed Mind,85.35
RET001094,ORD011144,PROD009,2025-07-03,Customer Changed Mind,34.61
RET001095,ORD011154,PROD055,2025-05-30,Wrong Item,73.6
RET001096,ORD011168,PROD098,2024-03-11,Damaged Item,128.55
RET001097,ORD011171,PROD034,2024-07-24,Damaged Item,112.48
RET001098,ORD011184,PROD023,2025-12-01,Damaged Item,90.08
RET001099,ORD011188,PROD089,2024-08-16,Late Delivery,147.4
RET001100,ORD011202,PROD038,2024-05-15,Damaged Item,48.39
RET001101,ORD011205,PROD005,2025-07-29,Late Delivery,53.5
RET001102,ORD011209,PROD054,2025-01-14,Damaged Item,50.9
RET001103,ORD011232,PROD021,2024-04-19,Late Delivery,24.41
RET001104,ORD011234,PROD033,2026-01-03,Customer Changed Mind,15.65
RET001105,ORD011255,PROD044,2024-07-10,Customer Changed Mind,100.66
RET001106,ORD011280,PROD053,2024-06-27,Quality Issue,66.68
RET001107,ORD011288,PROD028,2024-12-29,Wrong Item,13.57
RET001108,ORD011297,PROD002,2025-06-03,Damaged Item,49.04
RET001109,ORD011303,PROD034,2024-07-19,Customer Changed Mind,65.53
RET001110,ORD011309,PROD093,2025-08-16,Damaged Item,82.08
RET001111,ORD011313,PROD046,2024-04-30,Wrong Item,118.55
RET001112,ORD011328,PROD088,2024-04-21,Late Delivery,39.98
RET001113,ORD011329,PROD060,2024-06-14,Customer Changed Mind,43.98
RET001114,ORD011347,PROD091,2024-04-10,Wrong Item,115.04
RET001115,ORD011354,PROD087,2025-03-11,Customer Changed Mind,36.32
RET001116,ORD011358,PROD092,2024-12-18,Customer Changed Mind,66.73
RET001117,ORD011372,PROD002,2025-06-30,Customer Changed Mind,116.94
RET001118,ORD011378,PROD012,2025-12-13,Customer Changed Mind,24.41
RET001119,ORD011392,PROD026,2025-11-17,Customer Changed Mind,36.99
RET001120,ORD011395,PROD040,2024-10-13,Customer Changed Mind,85.3
RET001121,ORD011401,PROD097,2024-12-06,Quality Issue,74.09
RET001122,ORD011405,PROD025,2026-01-08,Damaged Item,85.38
RET001123,ORD011412,PROD013,2025-12-25,Customer Changed Mind,37.3
RET001124,ORD011421,PROD066,2025-09-20,Wrong Item,14.13
RET001125,ORD011427,PROD089,2024-05-20,Customer Changed Mind,24.82
RET001126,ORD011431,PROD085,2024-11-19,Late Delivery,43.99
RET001127,ORD011437,PROD051,2025-02-26,Late Delivery,14.77
RET001128,ORD011448,PROD097,2024-06-29,Customer Changed Mind,75.68
RET001129,ORD011451,PROD070,2025-07-28,Damaged Item,61.47
RET001130,ORD011478,PROD094,2024-02-18,Damaged Item,96.28
RET001131,ORD011484,PROD028,2024-01-17,Quality Issue,55.21
RET001132,ORD011486,PROD047,2025-04-26,Damaged Item,23.16
RET001133,ORD011488,PROD036,2024-08-14,Wrong Item,25.89
RET001134,ORD011489,PROD054,2024-10-29,Damaged Item,93.93
RET001135,ORD011493,PROD047,2025-02-27,Wrong Item,75.3
RET001136,ORD011504,PROD054,2025-06-01,Damaged Item,95.32
RET001137,ORD011506,PROD023,2024-11-11,Quality Issue,56.98
RET001138,ORD011509,PROD099,2024-08-21,Late Delivery,79.88
RET001139,ORD011513,PROD083,2025-10-12,Damaged Item,84.75
RET001140,ORD011516,PROD064,2024-02-27,Quality Issue,146.33
RET001141,ORD011530,PROD082,2024-03-30,Wrong Item,33.02
RET001142,ORD011548,PROD097,2024-02-14,Damaged Item,135.51
RET001143,ORD011550,PROD066,2024-08-18,Wrong Item,88.94
RET001144,ORD011556,PROD066,2024-11-01,Late Delivery,128.93
RET001145,ORD011558,PROD029,2024-10-28,Customer Changed Mind,65.8
RET001146,ORD011566,PROD065,2025-01-16,Wrong Item,45.11
RET001147,ORD011586,PROD100,2025-03-15,Damaged Item,117.46
RET001148,ORD011594,PROD022,2024-06-02,Wrong Item,35.08
RET001149,ORD011597,PROD010,2025-04-01,Quality Issue,126.41
RET001150,ORD011599,PROD046,2024-10-14,Quality Issue,105.14
RET001151,ORD011616,PROD025,2025-06-22,Damaged Item,74.61
RET001152,ORD011640,PROD055,2024-03-19,Damaged Item,59.31
RET001153,ORD011641,PROD038,2024-02-28,Late Delivery,26.93
RET001154,ORD011654,PROD013,2025-03-03,Damaged Item,121.14
RET001155,ORD011656,PROD028,2025-07-21,Damaged Item,53.53
RET001156,ORD011661,PROD090,2024-03-16,Late Delivery,33.59
RET001157,ORD011675,PROD030,2024-02-08,Quality Issue,37.26
RET001158,ORD011689,PROD067,2024-08-27,Wrong Item,40.44
RET001159,ORD011694,PROD087,2025-04-20,Damaged Item,141.19
RET001160,ORD011696,PROD094,2024-11-07,Quality Issue,32.27
RET001161,ORD011698,PROD056,2025-05-15,Quality Issue,58.6
RET001162,ORD011700,PROD005,2025-04-25,Wrong Item,148.08
RET001163,ORD011706,PROD096,2025-03-12,Damaged Item,146.06
RET001164,ORD011710,PROD092,2024-01-29,Damaged Item,121.34
RET001165,ORD011714,PROD087,2024-03-22,Wrong Item,29.07
RET001166,ORD011724,PROD065,2024-10-01,Quality Issue,44.38
RET001167,ORD011737,PROD027,2024-08-04,Late Delivery,97.28
RET001168,ORD011739,PROD084,2024-04-09,Customer Changed Mind,94.12
RET001169,ORD011749,PROD099,2025-04-07,Damaged Item,67.21
RET001170,ORD011775,PROD082,2025-01-18,Wrong Item,11.05
RET001171,ORD011785,PROD096,2025-02-17,Damaged Item,118.76
RET001172,ORD011801,PROD085,2024-11-20,Quality Issue,83.48
RET001173,ORD011827,PROD050,2025-06-25,Late Delivery,144.67
RET001174,ORD011836,PROD081,2025-11-19,Wrong Item,49.59
RET001175,ORD011858,PROD072,2025-03-04,Quality Issue,16.09
RET001176,ORD011888,PROD016,2025-10-18,Damaged Item,78.2
RET001177,ORD011894,PROD060,2024-10-16,Quality Issue,118.27
RET001178,ORD011896,PROD041,2025-04-15,Damaged Item,26.56
RET001179,ORD011900,PROD091,2024-03-31,Customer Changed Mind,49.67
RET001180,ORD011908,PROD076,2024-12-16,Damaged Item,58.53
RET001181,ORD011910,PROD097,2024-10-24,Damaged Item,36.31
RET001182,ORD011912,PROD054,2025-12-07,Customer Changed Mind,22.05
RET001183,ORD011916,PROD011,2025-03-13,Wrong Item,146.06
RET001184,ORD011928,PROD014,2024-07-28,Customer Changed Mind,49.99
RET001185,ORD011933,PROD021,2024-08-18,Late Delivery,11.46
RET001186,ORD011938,PROD089,2025-07-30,Customer Changed Mind,70.12
RET001187,ORD011941,PROD095,2025-05-22,Damaged Item,130.47
RET001188,ORD011946,PROD049,2025-04-21,Quality Issue,98.38
RET001189,ORD011947,PROD001,2024-07-18,Damaged Item,97.52
RET001190,ORD011974,PROD087,2025-06-17,Damaged Item,104.18
RET001191,ORD011985,PROD051,2024-11-01,Wrong Item,33.98
RET001192,ORD011990,PROD059,2025-10-07,Customer Changed Mind,127.55
RET001193,ORD012006,PROD009,2025-11-08,Wrong Item,46.3
RET001194,ORD012020,PROD075,2025-12-15,Damaged Item,123.23
RET001195,ORD012033,PROD048,2025-09-23,Wrong Item,82.9
RET001196,ORD012041,PROD028,2024-07-07,Quality Issue,111.01
RET001197,ORD012055,PROD083,2025-09-17,Customer Changed Mind,71.54
RET001198,ORD012084,PROD087,2024-10-18,Customer Changed Mind,44.26
RET001199,ORD012113,PROD067,2025-02-25,Damaged Item,99.48
RET001200,ORD012122,PROD085,2024-09-30,Wrong Item,75.08
RET001201,ORD012139,PROD059,2024-11-14,Quality Issue,24.05
RET001202,ORD012150,PROD034,2024-11-25,Wrong Item,21.77
RET001203,ORD012156,PROD091,2024-05-23,Customer Changed Mind,19.44
RET001204,ORD012163,PROD064,2025-09-30,Customer Changed Mind,52.24
RET001205,ORD012168,PROD081,2025-08-21,Damaged Item,33.49
RET001206,ORD012173,PROD069,2025-12-24,Quality Issue,47.95
RET001207,ORD012187,PROD004,2024-10-21,Late Delivery,132.29
RET001208,ORD012194,PROD099,2024-07-27,Quality Issue,17.13
RET001209,ORD012209,PROD088,2024-05-30,Damaged Item,16.21
RET001210,ORD012211,PROD011,2025-04-18,Late Delivery,108.18
RET001211,ORD012214,PROD023,2025-06-04,Quality Issue,17.48
RET001212,ORD012226,PROD022,2024-04-15,Customer Changed Mind,40.66
RET001213,ORD012227,PROD079,2024-02-28,Late Delivery,25.43
RET001214,ORD012238,PROD078,2025-04-27,Damaged Item,46.17
RET001215,ORD012249,PROD080,2025-03-12,Late Delivery,58.81
RET001216,ORD012251,PROD080,2024-06-08,Late Delivery,25.79
RET001217,ORD012274,PROD058,2025-06-22,Damaged Item,60.55
RET001218,ORD012286,PROD020,2025-05-01,Customer Changed Mind,83.82
RET001219,ORD012291,PROD066,2025-07-22,Quality Issue,56.28
RET001220,ORD012294,PROD088,2024-12-05,Quality Issue,82.02
RET001221,ORD012296,PROD027,2025-04-15,Wrong Item,148.83
RET001222,ORD012337,PROD001,2024-06-13,Damaged Item,61.73
RET001223,ORD012342,PROD022,2024-06-04,Damaged Item,82.42
RET001224,ORD012396,PROD004,2025-05-01,Damaged Item,58.06
RET001225,ORD012401,PROD094,2025-05-19,Late Delivery,114.27
RET001226,ORD012403,PROD065,2024-07-25,Wrong Item,13.18
RET001227,ORD012407,PROD043,2024-10-20,Late Delivery,70.41
RET001228,ORD012410,PROD017,2024-01-15,Damaged Item,16.27
RET001229,ORD012413,PROD005,2024-07-26,Damaged Item,66.73
RET001230,ORD012420,PROD047,2024-11-15,Late Delivery,138.3
RET001231,ORD012423,PROD014,2024-08-15,Late Delivery,44.45
RET001232,ORD012431,PROD067,2025-01-15,Late Delivery,133.91
RET001233,ORD012441,PROD094,2024-12-21,Damaged Item,71.12
RET001234,ORD012457,PROD017,2024-02-11,Customer Changed Mind,125.19
RET001235,ORD012477,PROD029,2025-08-05,Damaged Item,45.61
RET001236,ORD012492,PROD012,2024-04-05,Late Delivery,27.26
RET001237,ORD012502,PROD046,2024-02-22,Quality Issue,87.58
RET001238,ORD012511,PROD007,2025-11-16,Quality Issue,104.17
RET001239,ORD012526,PROD014,2024-12-03,Quality Issue,27.2
RET001240,ORD012535,PROD028,2025-04-13,Wrong Item,137.81
RET001241,ORD012538,PROD089,2024-09-21,Quality Issue,90.37
RET001242,ORD012554,PROD064,2024-08-16,Customer Changed Mind,135.33
RET001243,ORD012557,PROD009,2024-06-19,Customer Changed Mind,91.6
RET001244,ORD012559,PROD001,2024-10-31,Customer Changed Mind,54.34
RET001245,ORD012576,PROD072,2024-03-04,Damaged Item,121.45
RET001246,ORD012587,PROD038,2024-04-06,Quality Issue,17.27
RET001247,ORD012589,PROD004,2024-11-30,Wrong Item,36.95
RET001248,ORD012604,PROD048,2025-08-19,Customer Changed Mind,87.2
RET001249,ORD012627,PROD047,2025-09-29,Wrong Item,44.5
RET001250,ORD012629,PROD099,2025-08-15,Quality Issue,105.16
RET001251,ORD012643,PROD004,2024-05-03,Customer Changed Mind,59.65
RET001252,ORD012644,PROD057,2024-08-16,Damaged Item,54.78
RET001253,ORD012647,PROD060,2024-09-28,Damaged Item,52.4
RET001254,ORD012658,PROD082,2024-07-25,Late Delivery,34.97
RET001255,ORD012674,PROD074,2024-12-21,Customer Changed Mind,118.54
RET001256,ORD012688,PROD062,2024-06-23,Wrong Item,103.62
RET001257,ORD012690,PROD049,2024-02-09,Customer Changed Mind,78.66
RET001258,ORD012692,PROD031,2024-02-29,Customer Changed Mind,87.83
RET001259,ORD012693,PROD065,2025-06-10,Quality Issue,120.42
RET001260,ORD012694,PROD004,2025-07-13,Customer Changed Mind,129.3
RET001261,ORD012696,PROD029,2024-07-16,Damaged Item,137.13
RET001262,ORD012726,PROD027,2025-12-21,Quality Issue,35.01
RET001263,ORD012742,PROD076,2024-02-29,Customer Changed Mind,66.35
RET001264,ORD012743,PROD099,2024-08-24,Damaged Item,84.74
RET001265,ORD012762,PROD041,2024-03-31,Damaged Item,46.37
RET001266,ORD012766,PROD091,2025-01-30,Wrong Item,122.42
RET001267,ORD012785,PROD015,2024-09-03,Damaged Item,107.47
RET001268,ORD012793,PROD019,2025-10-20,Quality Issue,101.21
RET001269,ORD012804,PROD058,2025-10-08,Wrong Item,40.64
RET001270,ORD012829,PROD043,2024-10-02,Late Delivery,51.61
RET001271,ORD012830,PROD023,2024-07-24,Wrong Item,64.14
RET001272,ORD012879,PROD014,2025-09-06,Late Delivery,137.14
RET001273,ORD012894,PROD021,2024-02-06,Damaged Item,81.99
RET001274,ORD012897,PROD011,2025-01-10,Wrong Item,88.55
RET001275,ORD012906,PROD008,2025-06-22,Customer Changed Mind,23.77
RET001276,ORD012907,PROD017,2024-09-03,Customer Changed Mind,89.76
RET001277,ORD012929,PROD032,2025-03-01,Quality Issue,93.74
RET001278,ORD012939,PROD075,2024-11-07,Quality Issue,51.98
RET001279,ORD012958,PROD084,2024-08-26,Quality Issue,47.47
RET001280,ORD012972,PROD051,2025-06-22,Wrong Item,91.16
RET001281,ORD012990,PROD076,2024-02-10,Late Delivery,74.86
RET001282,ORD012995,PROD072,2024-09-11,Quality Issue,46.85
RET001283,ORD013025,PROD089,2025-04-05,Customer Changed Mind,146.47
RET001284,ORD013036,PROD004,2025-05-17,Damaged Item,122.99
RET001285,ORD013044,PROD049,2024-02-23,Damaged Item,56.02
RET001286,ORD013047,PROD025,2025-05-21,Customer Changed Mind,81.86
RET001287,ORD013069,PROD004,2025-01-03,Late Delivery,50.98
RET001288,ORD013079,PROD015,2024-07-13,Wrong Item,108.58
RET001289,ORD013083,PROD026,2025-06-10,Damaged Item,18.56
RET001290,ORD013086,PROD047,2024-09-03,Damaged Item,54.36
RET001291,ORD013095,PROD022,2024-04-02,Damaged Item,84.37
RET001292,ORD013102,PROD073,2025-04-28,Quality Issue,81.45
RET001293,ORD013104,PROD019,2024-02-18,Wrong Item,58.24
RET001294,ORD013115,PROD023,2024-09-24,Late Delivery,68.45
RET001295,ORD013120,PROD081,2025-01-07,Wrong Item,93.16
RET001296,ORD013130,PROD012,2025-08-17,Damaged Item,42.95
RET001297,ORD013138,PROD008,2025-09-10,Wrong Item,140.55
RET001298,ORD013142,PROD035,2024-07-14,Customer Changed Mind,118.35
RET001299,ORD013158,PROD066,2024-08-27,Wrong Item,40.18
RET001300,ORD013161,PROD025,2024-05-22,Damaged Item,125.28
RET001301,ORD013168,PROD005,2024-12-11,Customer Changed Mind,70.9
RET001302,ORD013174,PROD055,2024-09-03,Quality Issue,30.18
RET001303,ORD013177,PROD069,2025-08-01,Quality Issue,94.4
RET001304,ORD013179,PROD079,2025-04-29,Damaged Item,41.72
RET001305,ORD013183,PROD074,2024-09-30,Damaged Item,110.85
RET001306,ORD013185,PROD036,2025-11-07,Quality Issue,112.49
RET001307,ORD013187,PROD032,2025-05-19,Wrong Item,50.45
RET001308,ORD013202,PROD039,2025-07-10,Quality Issue,44.46
RET001309,ORD013213,PROD097,2024-03-02,Wrong Item,142.37
RET001310,ORD013219,PROD039,2025-07-03,Quality Issue,106.99
RET001311,ORD013222,PROD020,2024-09-13,Quality Issue,117.32
RET001312,ORD013268,PROD047,2024-10-24,Customer Changed Mind,145.32
RET001313,ORD013273,PROD037,2025-01-31,Quality Issue,85.62
RET001314,ORD013282,PROD098,2025-06-06,Late Delivery,51.69
RET001315,ORD013292,PROD008,2024-03-28,Wrong Item,87.3
RET001316,ORD013300,PROD010,2025-10-27,Quality Issue,97.05
RET001317,ORD013310,PROD006,2025-06-29,Customer Changed Mind,110.09
RET001318,ORD013338,PROD078,2025-12-09,Wrong Item,136.15
RET001319,ORD013359,PROD087,2024-04-08,Wrong Item,141.28
RET001320,ORD013383,PROD065,2025-12-15,Wrong Item,89.66
RET001321,ORD013400,PROD070,2025-06-20,Late Delivery,124.36
RET001322,ORD013401,PROD004,2024-10-24,Quality Issue,143.69
RET001323,ORD013416,PROD051,2024-03-02,Customer Changed Mind,114.25
RET001324,ORD013426,PROD099,2025-06-02,Customer Changed Mind,63.64
RET001325,ORD013433,PROD010,2024-06-17,Quality Issue,60.04
RET001326,ORD013442,PROD004,2024-11-06,Damaged Item,116.68
RET001327,ORD013469,PROD005,2025-03-30,Damaged Item,74.17
RET001328,ORD013471,PROD087,2024-02-22,Wrong Item,51.69
RET001329,ORD013486,PROD048,2024-07-06,Wrong Item,39.91
RET001330,ORD013490,PROD093,2024-07-29,Wrong Item,88.59
RET001331,ORD013522,PROD021,2025-06-19,Customer Changed Mind,24.27
RET001332,ORD013530,PROD054,2024-10-13,Wrong Item,82.77
RET001333,ORD013538,PROD039,2024-09-09,Wrong Item,126.32
RET001334,ORD013559,PROD077,2024-08-29,Customer Changed Mind,138.36
RET001335,ORD013563,PROD041,2025-01-16,Damaged Item,119.69
RET001336,ORD013600,PROD073,2024-03-19,Quality Issue,66.13
RET001337,ORD013624,PROD060,2024-08-18,Quality Issue,110.62
RET001338,ORD013632,PROD061,2025-11-15,Wrong Item,106.46
RET001339,ORD013647,PROD030,2024-10-24,Quality Issue,143.57
RET001340,ORD013651,PROD061,2024-09-24,Customer Changed Mind,32.71
RET001341,ORD013652,PROD022,2024-04-25,Damaged Item,132.46
RET001342,ORD013671,PROD008,2025-07-06,Customer Changed Mind,116.43
RET001343,ORD013740,PROD031,2025-03-29,Customer Changed Mind,23.02
RET001344,ORD013756,PROD067,2024-12-05,Customer Changed Mind,85.42
RET001345,ORD013762,PROD045,2024-08-02,Quality Issue,65.21
RET001346,ORD013770,PROD046,2025-10-11,Damaged Item,84.04
RET001347,ORD013777,PROD053,2025-09-05,Wrong Item,147.05
RET001348,ORD013779,PROD075,2025-11-26,Damaged Item,18.41
RET001349,ORD013782,PROD022,2024-01-28,Customer Changed Mind,22.23
RET001350,ORD013786,PROD056,2024-11-05,Quality Issue,139.96
RET001351,ORD013798,PROD096,2024-11-03,Damaged Item,35.93
RET001352,ORD013815,PROD095,2025-07-12,Damaged Item,21.75
RET001353,ORD013819,PROD041,2025-07-21,Late Delivery,14.77
RET001354,ORD013829,PROD090,2024-04-18,Damaged Item,149.88
RET001355,ORD013831,PROD048,2024-06-23,Customer Changed Mind,101.24
RET001356,ORD013833,PROD093,2025-01-02,Quality Issue,102.34
RET001357,ORD013840,PROD025,2025-07-13,Wrong Item,62.38
RET001358,ORD013850,PROD083,2024-07-22,Wrong Item,16.84
RET001359,ORD013855,PROD020,2025-08-25,Customer Changed Mind,113.05
RET001360,ORD013878,PROD013,2025-02-04,Wrong Item,74.95
RET001361,ORD013889,PROD012,2025-12-04,Wrong Item,56.41
RET001362,ORD013891,PROD070,2024-07-21,Damaged Item,38.13
RET001363,ORD013902,PROD025,2025-10-16,Damaged Item,41.54
RET001364,ORD013906,PROD049,2025-11-05,Quality Issue,143.3
RET001365,ORD013917,PROD035,2024-11-01,Customer Changed Mind,15.17
RET001366,ORD013920,PROD084,2025-04-09,Late Delivery,49.48
RET001367,ORD013921,PROD067,2025-07-17,Wrong Item,42.33
RET001368,ORD013929,PROD054,2025-11-04,Damaged Item,143.68
RET001369,ORD013940,PROD027,2024-07-28,Quality Issue,61.2
RET001370,ORD013942,PROD024,2024-10-10,Damaged Item,33.79
RET001371,ORD013988,PROD063,2025-12-18,Customer Changed Mind,58.3
RET001372,ORD013990,PROD010,2025-04-24,Quality Issue,86.28
RET001373,ORD014002,PROD032,2025-01-01,Late Delivery,88.83
RET001374,ORD014005,PROD071,2024-11-19,Customer Changed Mind,148.32
RET001375,ORD014014,PROD066,2024-01-21,Customer Changed Mind,147.73
RET001376,ORD014032,PROD091,2025-12-06,Customer Changed Mind,47.06
RET001377,ORD014040,PROD005,2025-06-30,Wrong Item,136.24
RET001378,ORD014044,PROD050,2025-12-13,Quality Issue,55.3
RET001379,ORD014046,PROD099,2024-12-13,Customer Changed Mind,100.58
RET001380,ORD014052,PROD021,2025-02-16,Customer Changed Mind,11.28
RET001381,ORD014065,PROD058,2024-09-17,Damaged Item,117.07
RET001382,ORD014094,PROD014,2024-03-15,Damaged Item,69.72
RET001383,ORD014109,PROD048,2024-05-13,Customer Changed Mind,100.09
RET001384,ORD014114,PROD074,2024-06-05,Quality Issue,45.55
RET001385,ORD014130,PROD053,2024-08-30,Quality Issue,22.11
RET001386,ORD014143,PROD049,2025-08-13,Wrong Item,71.81
RET001387,ORD014154,PROD089,2024-04-07,Customer Changed Mind,70.27
RET001388,ORD014175,PROD013,2024-06-03,Wrong Item,37.61
RET001389,ORD014183,PROD068,2025-07-09,Quality Issue,116.8
RET001390,ORD014195,PROD061,2025-05-03,Damaged Item,127.48
RET001391,ORD014207,PROD077,2024-02-26,Damaged Item,49.79
RET001392,ORD014218,PROD043,2024-03-18,Customer Changed Mind,116.96
RET001393,ORD014222,PROD013,2024-06-14,Customer Changed Mind,50.24
RET001394,ORD014226,PROD096,2024-10-30,Damaged Item,123.05
RET001395,ORD014229,PROD076,2024-01-18,Customer Changed Mind,130.99
RET001396,ORD014234,PROD089,2025-04-16,Damaged Item,141.6
RET001397,ORD014238,PROD023,2024-11-12,Quality Issue,23.07
RET001398,ORD014246,PROD068,2024-11-28,Wrong Item,115.75
RET001399,ORD014257,PROD057,2024-04-03,Quality Issue,99.59
RET001400,ORD014260,PROD004,2024-12-03,Customer Changed Mind,100.33
RET001401,ORD014264,PROD059,2024-06-30,Customer Changed Mind,40.52
RET001402,ORD014280,PROD013,2025-07-30,Damaged Item,94.82
RET001403,ORD014286,PROD019,2025-02-24,Wrong Item,63.72
RET001404,ORD014301,PROD003,2024-05-08,Damaged Item,25.88
RET001405,ORD014323,PROD016,2024-11-01,Damaged Item,105.77
RET001406,ORD014325,PROD062,2024-02-16,Late Delivery,63.87
RET001407,ORD014359,PROD040,2025-12-04,Damaged Item,27.05
RET001408,ORD014362,PROD034,2025-03-29,Quality Issue,114.6
RET001409,ORD014387,PROD012,2024-07-14,Customer Changed Mind,59.59
RET001410,ORD014393,PROD015,2024-10-24,Damaged Item,10.37
RET001411,ORD014394,PROD012,2025-03-29,Customer Changed Mind,142.76
RET001412,ORD014399,PROD071,2025-09-03,Quality Issue,128.51
RET001413,ORD014403,PROD001,2025-07-10,Late Delivery,117.3
RET001414,ORD014411,PROD061,2024-02-01,Quality Issue,127.93
RET001415,ORD014423,PROD094,2025-02-14,Customer Changed Mind,105.41
RET001416,ORD014444,PROD072,2024-06-08,Wrong Item,17.17
RET001417,ORD014452,PROD014,2025-01-12,Quality Issue,134.14
RET001418,ORD014470,PROD019,2025-08-14,Wrong Item,17.77
RET001419,ORD014476,PROD049,2025-08-09,Late Delivery,127.72
RET001420,ORD014482,PROD026,2025-04-25,Damaged Item,78.07
RET001421,ORD014575,PROD036,2025-09-14,Quality Issue,45.0
RET001422,ORD014578,PROD057,2024-07-30,Customer Changed Mind,141.19
RET001423,ORD014582,PROD082,2024-03-08,Quality Issue,21.79
RET001424,ORD014586,PROD032,2024-09-13,Wrong Item,112.96
RET001425,ORD014603,PROD099,2025-10-10,Quality Issue,105.01
RET001426,ORD014604,PROD001,2025-11-02,Customer Changed Mind,96.67
RET001427,ORD014622,PROD055,2025-08-31,Late Delivery,36.29
RET001428,ORD014623,PROD066,2024-03-25,Damaged Item,48.87
RET001429,ORD014629,PROD081,2025-10-14,Quality Issue,139.65
RET001430,ORD014632,PROD044,2024-09-13,Damaged Item,70.97
RET001431,ORD014660,PROD081,2025-05-15,Wrong Item,35.03
RET001432,ORD014664,PROD056,2025-08-09,Quality Issue,52.67
RET001433,ORD014682,PROD036,2024-12-06,Quality Issue,121.04
RET001434,ORD014687,PROD089,2024-12-21,Customer Changed Mind,51.34
RET001435,ORD014701,PROD025,2024-07-17,Wrong Item,104.54
RET001436,ORD014705,PROD086,2024-02-28,Late Delivery,32.75
RET001437,ORD014707,PROD008,2025-09-13,Late Delivery,112.57
RET001438,ORD014708,PROD062,2024-05-27,Quality Issue,87.15
RET001439,ORD014728,PROD065,2024-08-17,Damaged Item,30.33
RET001440,ORD014729,PROD093,2024-09-04,Customer Changed Mind,28.28
RET001441,ORD014743,PROD054,2025-05-15,Customer Changed Mind,96.39
RET001442,ORD014748,PROD089,2025-03-20,Wrong Item,19.22
RET001443,ORD014749,PROD028,2024-03-17,Quality Issue,14.49
RET001444,ORD014758,PROD017,2025-11-07,Late Delivery,50.53
RET001445,ORD014834,PROD017,2024-05-21,Wrong Item,81.5
RET001446,ORD014835,PROD049,2024-02-12,Damaged Item,135.64
RET001447,ORD014844,PROD019,2024-08-18,Wrong Item,77.65
RET001448,ORD014862,PROD058,2025-12-30,Late Delivery,57.47
RET001449,ORD014888,PROD065,2025-12-08,Quality Issue,118.39
RET001450,ORD014899,PROD091,2025-02-09,Wrong Item,38.35
RET001451,ORD014906,PROD073,2024-09-16,Customer Changed Mind,41.02
RET001452,ORD014918,PROD047,2024-07-14,Customer Changed Mind,44.42
RET001453,ORD014923,PROD082,2024-07-22,Wrong Item,117.97
RET001454,ORD014929,PROD012,2025-01-27,Customer Changed Mind,38.65
RET001455,ORD014935,PROD065,2024-02-17,Quality Issue,116.79
RET001456,ORD014953,PROD019,2025-11-03,Quality Issue,16.69
RET001457,ORD014963,PROD045,2025-03-21,Wrong Item,78.68
RET001458,ORD014970,PROD017,2024-08-02,Late Delivery,93.31
RET001459,ORD014981,PROD073,2024-08-05,Customer Changed Mind,105.7
RET001460,ORD014987,PROD060,2025-10-02,Damaged Item,37.31
RET001461,ORD014989,PROD087,2025-10-17,Wrong Item,145.32
RET001462,ORD015006,PROD035,2025-04-05,Quality Issue,109.77
RET001463,ORD015011,PROD069,2025-05-07,Quality Issue,40.87
RET001464,ORD015018,PROD077,2025-04-17,Wrong Item,112.12
RET001465,ORD015029,PROD039,2024-03-16,Wrong Item,78.96
RET001466,ORD015057,PROD024,2024-12-30,Customer Changed Mind,127.16
RET001467,ORD015058,PROD097,2025-08-24,Damaged Item,19.33
RET001468,ORD015080,PROD040,2025-01-17,Damaged Item,73.25
RET001469,ORD015084,PROD092,2024-06-27,Damaged Item,70.54
RET001470,ORD015095,PROD078,2025-08-30,Quality Issue,99.52
RET001471,ORD015101,PROD036,2026-01-01,Customer Changed Mind,83.87
RET001472,ORD015110,PROD023,2024-09-23,Wrong Item,116.09
RET001473,ORD015111,PROD053,2025-05-18,Late Delivery,73.59
RET001474,ORD015116,PROD017,2024-06-25,Customer Changed Mind,12.91
RET001475,ORD015124,PROD032,2024-12-08,Late Delivery,62.73
RET001476,ORD015131,PROD070,2025-12-23,Wrong Item,29.32
RET001477,ORD015135,PROD025,2025-01-02,Damaged Item,99.76
RET001478,ORD015136,PROD089,2025-06-08,Quality Issue,96.36
RET001479,ORD015153,PROD054,2024-02-29,Customer Changed Mind,106.06
RET001480,ORD015186,PROD013,2024-07-27,Customer Changed Mind,134.46
RET001481,ORD015187,PROD031,2024-06-02,Wrong Item,92.87
RET001482,ORD015189,PROD049,2025-05-09,Customer Changed Mind,91.76
RET001483,ORD015207,PROD041,2024-11-14,Customer Changed Mind,18.46
RET001484,ORD015209,PROD031,2025-08-12,Quality Issue,72.75
RET001485,ORD015217,PROD002,2025-03-16,Customer Changed Mind,108.69
RET001486,ORD015230,PROD043,2024-12-18,Damaged Item,98.05
RET001487,ORD015239,PROD081,2025-06-09,Wrong Item,95.99
RET001488,ORD015240,PROD013,2024-09-17,Customer Changed Mind,81.63
RET001489,ORD015243,PROD030,2024-09-13,Quality Issue,23.13
RET001490,ORD015251,PROD095,2024-07-15,Damaged Item,138.81
RET001491,ORD015267,PROD002,2024-08-13,Customer Changed Mind,65.51
RET001492,ORD015268,PROD023,2024-05-03,Damaged Item,40.14
RET001493,ORD015307,PROD045,2025-02-18,Quality Issue,91.77
RET001494,ORD015312,PROD034,2024-07-11,Late Delivery,88.3
RET001495,ORD015316,PROD055,2025-11-24,Wrong Item,115.18
RET001496,ORD015332,PROD001,2024-11-20,Damaged Item,61.26
RET001497,ORD015337,PROD059,2025-06-26,Wrong Item,15.01
RET001498,ORD015341,PROD034,2025-08-21,Wrong Item,113.54
RET001499,ORD015398,PROD032,2025-09-11,Late Delivery,27.28
RET001500,ORD015423,PROD008,2024-12-23,Quality Issue,146.78
RET001501,ORD015463,PROD005,2025-11-28,Damaged Item,67.82
RET001502,ORD015478,PROD059,2025-02-04,Wrong Item,105.87
RET001503,ORD015482,PROD088,2024-12-13,Quality Issue,145.64
RET001504,ORD015487,PROD088,2025-02-14,Quality Issue,81.8
RET001505,ORD015489,PROD071,2024-03-06,Damaged Item,104.08
RET001506,ORD015514,PROD004,2025-08-11,Wrong Item,144.01
RET001507,ORD015521,PROD032,2024-02-12,Late Delivery,42.75
RET001508,ORD015533,PROD045,2024-05-13,Damaged Item,140.39
RET001509,ORD015542,PROD018,2025-06-27,Damaged Item,51.94
RET001510,ORD015584,PROD008,2026-01-04,Customer Changed Mind,32.44
RET001511,ORD015590,PROD099,2024-09-03,Damaged Item,38.0
RET001512,ORD015591,PROD019,2024-12-01,Damaged Item,41.55
RET001513,ORD015597,PROD067,2024-01-16,Customer Changed Mind,86.3
RET001514,ORD015600,PROD087,2024-09-02,Quality Issue,139.83
RET001515,ORD015608,PROD049,2025-01-08,Damaged Item,23.8
RET001516,ORD015613,PROD082,2024-03-26,Wrong Item,85.42
RET001517,ORD015615,PROD092,2024-03-08,Wrong Item,115.83
RET001518,ORD015634,PROD085,2024-06-16,Quality Issue,30.73
RET001519,ORD015652,PROD048,2024-10-18,Damaged Item,13.44
RET001520,ORD015653,PROD032,2025-04-23,Late Delivery,57.24
RET001521,ORD015677,PROD046,2025-07-17,Customer Changed Mind,46.89
RET001522,ORD015679,PROD087,2024-04-27,Customer Changed Mind,101.01
RET001523,ORD015696,PROD085,2025-01-02,Late Delivery,61.79
RET001524,ORD015701,PROD078,2024-08-06,Quality Issue,77.78
RET001525,ORD015714,PROD039,2025-04-27,Customer Changed Mind,35.4
RET001526,ORD015727,PROD092,2024-02-05,Customer Changed Mind,64.63
RET001527,ORD015732,PROD087,2025-01-11,Damaged Item,56.45
RET001528,ORD015734,PROD072,2025-09-09,Damaged Item,24.75
RET001529,ORD015762,PROD037,2024-03-19,Customer Changed Mind,22.44
RET001530,ORD015764,PROD034,2025-08-13,Customer Changed Mind,104.99
RET001531,ORD015783,PROD009,2025-10-04,Damaged Item,30.54
RET001532,ORD015789,PROD013,2025-08-08,Late Delivery,116.03
RET001533,ORD015790,PROD040,2025-10-20,Quality Issue,12.03
RET001534,ORD015835,PROD057,2024-01-27,Wrong Item,30.09
RET001535,ORD015866,PROD059,2025-02-24,Quality Issue,62.54
RET001536,ORD015912,PROD093,2024-10-11,Wrong Item,135.22
RET001537,ORD015923,PROD021,2025-10-26,Quality Issue,61.14
RET001538,ORD015936,PROD077,2025-08-28,Wrong Item,80.3
RET001539,ORD015938,PROD090,2024-09-27,Customer Changed Mind,115.65
RET001540,ORD015968,PROD046,2024-03-05,Quality Issue,69.83
RET001541,ORD015972,PROD091,2024-04-11,Wrong Item,32.67
RET001542,ORD015980,PROD013,2024-05-08,Wrong Item,77.37
RET001543,ORD016009,PROD071,2025-03-07,Quality Issue,122.29
RET001544,ORD016011,PROD041,2025-05-10,Quality Issue,99.19
RET001545,ORD016025,PROD074,2024-08-17,Damaged Item,76.4
RET001546,ORD016045,PROD011,2025-12-23,Quality Issue,62.32
RET001547,ORD016052,PROD077,2025-05-19,Damaged Item,93.85
RET001548,ORD016063,PROD020,2024-12-09,Damaged Item,78.49
RET001549,ORD016065,PROD058,2024-08-28,Customer Changed Mind,113.86
RET001550,ORD016072,PROD097,2024-04-16,Quality Issue,10.15
RET001551,ORD016080,PROD066,2024-11-18,Damaged Item,104.44
RET001552,ORD016082,PROD089,2024-03-22,Wrong Item,22.43
RET001553,ORD016114,PROD082,2025-07-12,Damaged Item,141.95
RET001554,ORD016119,PROD065,2024-10-23,Quality Issue,29.04
RET001555,ORD016131,PROD051,2025-09-01,Quality Issue,125.36
RET001556,ORD016138,PROD012,2024-12-23,Wrong Item,25.36
RET001557,ORD016162,PROD073,2025-04-04,Customer Changed Mind,19.51
RET001558,ORD016178,PROD088,2025-03-21,Quality Issue,61.21
RET001559,ORD016179,PROD039,2024-08-14,Customer Changed Mind,41.73
RET001560,ORD016180,PROD037,2026-01-04,Customer Changed Mind,17.89
RET001561,ORD016185,PROD031,2025-10-04,Customer Changed Mind,10.33
RET001562,ORD016188,PROD016,2024-06-07,Quality Issue,81.93
RET001563,ORD016192,PROD043,2024-01-22,Customer Changed Mind,51.45
RET001564,ORD016200,PROD091,2025-09-17,Wrong Item,59.6
RET001565,ORD016206,PROD037,2024-01-22,Wrong Item,20.89
RET001566,ORD016269,PROD033,2025-08-06,Quality Issue,21.6
RET001567,ORD016282,PROD026,2025-07-19,Wrong Item,142.5
RET001568,ORD016306,PROD032,2024-06-01,Wrong Item,61.52
RET001569,ORD016307,PROD059,2024-02-18,Quality Issue,107.28
RET001570,ORD016326,PROD078,2024-10-01,Damaged Item,146.1
RET001571,ORD016359,PROD022,2024-04-08,Wrong Item,20.46
RET001572,ORD016364,PROD076,2024-07-10,Wrong Item,45.79
RET001573,ORD016370,PROD095,2024-12-02,Customer Changed Mind,81.91
RET001574,ORD016371,PROD066,2025-07-22,Quality Issue,13.87
RET001575,ORD016376,PROD022,2025-03-30,Wrong Item,30.27
RET001576,ORD016377,PROD053,2024-09-03,Customer Changed Mind,82.73
RET001577,ORD016384,PROD093,2025-03-22,Damaged Item,83.46
RET001578,ORD016397,PROD073,2024-02-04,Quality Issue,32.47
RET001579,ORD016415,PROD023,2024-04-27,Quality Issue,121.97
RET001580,ORD016416,PROD033,2025-02-17,Quality Issue,103.41
RET001581,ORD016426,PROD003,2024-11-18,Damaged Item,59.97
RET001582,ORD016436,PROD054,2025-01-03,Damaged Item,134.15
RET001583,ORD016450,PROD022,2025-08-04,Wrong Item,117.01
RET001584,ORD016452,PROD083,2025-11-20,Wrong Item,108.3
RET001585,ORD016475,PROD044,2024-05-22,Quality Issue,46.89
RET001586,ORD016478,PROD098,2025-01-04,Late Delivery,69.19
RET001587,ORD016484,PROD069,2024-04-10,Damaged Item,92.16
RET001588,ORD016496,PROD068,2025-07-12,Wrong Item,53.19
RET001589,ORD016497,PROD014,2024-07-03,Damaged Item,119.5
RET001590,ORD016511,PROD039,2024-06-15,Quality Issue,43.86
RET001591,ORD016522,PROD041,2024-07-30,Late Delivery,59.13
RET001592,ORD016523,PROD095,2025-10-27,Wrong Item,75.98
RET001593,ORD016527,PROD094,2025-06-05,Late Delivery,48.99
RET001594,ORD016542,PROD070,2024-04-14,Damaged Item,149.12
RET001595,ORD016572,PROD062,2024-05-18,Customer Changed Mind,68.65
RET001596,ORD016593,PROD036,2024-10-30,Wrong Item,71.61
RET001597,ORD016596,PROD040,2024-10-11,Damaged Item,66.9
RET001598,ORD016600,PROD028,2024-11-11,Wrong Item,99.0
RET001599,ORD016602,PROD075,2024-02-12,Damaged Item,140.11
RET001600,ORD016608,PROD010,2025-09-22,Customer Changed Mind,65.29
RET001601,ORD016626,PROD065,2025-01-15,Wrong Item,51.13
RET001602,ORD016635,PROD093,2024-10-08,Wrong Item,35.4
RET001603,ORD016651,PROD092,2025-06-22,Customer Changed Mind,84.18
RET001604,ORD016664,PROD003,2025-11-06,Wrong Item,95.67
RET001605,ORD016681,PROD065,2025-10-08,Quality Issue,86.97
RET001606,ORD016696,PROD065,2024-09-09,Wrong Item,25.24
RET001607,ORD016711,PROD078,2025-06-29,Quality Issue,103.74
RET001608,ORD016714,PROD057,2025-05-13,Damaged Item,74.08
RET001609,ORD016751,PROD085,2025-03-22,Customer Changed Mind,127.12
RET001610,ORD016766,PROD080,2024-10-14,Wrong Item,46.05
RET001611,ORD016778,PROD022,2025-06-18,Wrong Item,145.97
RET001612,ORD016779,PROD049,2024-09-19,Wrong Item,96.09
RET001613,ORD016783,PROD068,2025-03-17,Damaged Item,37.07
RET001614,ORD016794,PROD065,2025-07-20,Customer Changed Mind,13.44
RET001615,ORD016814,PROD084,2025-07-15,Late Delivery,55.32
RET001616,ORD016819,PROD083,2024-11-11,Customer Changed Mind,34.31
RET001617,ORD016824,PROD014,2025-05-30,Wrong Item,134.62
RET001618,ORD016829,PROD010,2024-05-31,Wrong Item,102.29
RET001619,ORD016860,PROD047,2024-05-17,Wrong Item,104.33
RET001620,ORD016874,PROD079,2025-12-04,Quality Issue,25.22
RET001621,ORD016875,PROD057,2025-05-14,Late Delivery,144.82
RET001622,ORD016876,PROD008,2025-02-05,Wrong Item,10.86
RET001623,ORD016890,PROD016,2025-12-12,Wrong Item,29.31
RET001624,ORD016898,PROD066,2024-10-22,Quality Issue,12.28
RET001625,ORD016909,PROD017,2024-02-18,Customer Changed Mind,59.62
RET001626,ORD016910,PROD007,2024-08-23,Damaged Item,60.62
RET001627,ORD016948,PROD092,2026-01-01,Customer Changed Mind,93.51
RET001628,ORD016958,PROD079,2025-12-10,Wrong Item,58.79
RET001629,ORD016960,PROD053,2025-09-16,Customer Changed Mind,63.95
RET001630,ORD016971,PROD028,2025-11-13,Late Delivery,142.09
RET001631,ORD016975,PROD059,2024-09-26,Late Delivery,128.7
RET001632,ORD016977,PROD023,2024-08-31,Damaged Item,112.06
RET001633,ORD016999,PROD009,2024-10-18,Late Delivery,37.7
RET001634,ORD017005,PROD007,2024-09-14,Quality Issue,46.23
RET001635,ORD017006,PROD070,2024-08-18,Wrong Item,73.94
RET001636,ORD017009,PROD068,2024-11-17,Wrong Item,63.65
RET001637,ORD017012,PROD076,2025-10-17,Quality Issue,75.73
RET001638,ORD017015,PROD022,2024-02-11,Quality Issue,36.52
RET001639,ORD017017,PROD063,2025-12-14,Quality Issue,54.06
RET001640,ORD017030,PROD028,2025-11-25,Wrong Item,100.34
RET001641,ORD017047,PROD062,2025-07-21,Damaged Item,100.77
RET001642,ORD017066,PROD029,2024-07-18,Damaged Item,81.68
RET001643,ORD017067,PROD016,2024-04-08,Quality Issue,115.26
RET001644,ORD017090,PROD098,2024-06-20,Quality Issue,77.28
RET001645,ORD017098,PROD053,2024-07-21,Customer Changed Mind,12.89
RET001646,ORD017102,PROD051,2025-03-21,Wrong Item,147.85
RET001647,ORD017104,PROD001,2024-05-13,Wrong Item,126.72
RET001648,ORD017111,PROD032,2025-05-09,Customer Changed Mind,39.11
RET001649,ORD017113,PROD059,2024-06-02,Quality Issue,105.11
RET001650,ORD017121,PROD082,2024-04-25,Customer Changed Mind,22.01
RET001651,ORD017128,PROD030,2025-08-02,Customer Changed Mind,30.33
RET001652,ORD017144,PROD032,2024-05-04,Customer Changed Mind,55.17
RET001653,ORD017145,PROD042,2025-09-16,Customer Changed Mind,20.62
RET001654,ORD017146,PROD036,2025-10-16,Quality Issue,18.93
RET001655,ORD017150,PROD094,2024-08-01,Quality Issue,10.67
RET001656,ORD017165,PROD002,2025-01-08,Damaged Item,101.81
RET001657,ORD017169,PROD023,2025-11-26,Late Delivery,91.37
RET001658,ORD017171,PROD067,2025-06-20,Late Delivery,45.09
RET001659,ORD017172,PROD023,2024-03-29,Late Delivery,114.38
RET001660,ORD017175,PROD023,2024-02-02,Damaged Item,108.54
RET001661,ORD017210,PROD081,2024-03-19,Customer Changed Mind,82.6
RET001662,ORD017241,PROD099,2025-04-02,Wrong Item,138.55
RET001663,ORD017245,PROD029,2025-05-31,Damaged Item,123.24
RET001664,ORD017252,PROD033,2025-04-30,Quality Issue,31.06
RET001665,ORD017258,PROD078,2025-01-02,Damaged Item,57.31
RET001666,ORD017296,PROD031,2024-08-23,Wrong Item,27.37
RET001667,ORD017302,PROD090,2024-06-21,Wrong Item,28.85
RET001668,ORD017308,PROD018,2024-12-31,Damaged Item,54.46
RET001669,ORD017312,PROD046,2025-01-10,Customer Changed Mind,25.44
RET001670,ORD017324,PROD023,2024-07-16,Quality Issue,126.97
RET001671,ORD017325,PROD052,2025-04-10,Damaged Item,52.04
RET001672,ORD017334,PROD090,2025-06-11,Customer Changed Mind,47.68
RET001673,ORD017345,PROD045,2024-11-11,Customer Changed Mind,131.58
RET001674,ORD017365,PROD037,2024-11-16,Late Delivery,121.59
RET001675,ORD017371,PROD066,2024-11-03,Quality Issue,104.1
RET001676,ORD017387,PROD083,2024-02-23,Quality Issue,60.74
RET001677,ORD017396,PROD005,2025-10-26,Customer Changed Mind,70.05
RET001678,ORD017399,PROD079,2025-04-29,Late Delivery,100.55
RET001679,ORD017410,PROD017,2025-01-03,Customer Changed Mind,70.06
RET001680,ORD017428,PROD085,2024-02-06,Damaged Item,25.94
RET001681,ORD017439,PROD008,2025-02-16,Damaged Item,75.61
RET001682,ORD017447,PROD081,2025-10-06,Late Delivery,34.48
RET001683,ORD017449,PROD092,2025-08-07,Quality Issue,97.36
RET001684,ORD017455,PROD098,2024-07-26,Damaged Item,127.38
RET001685,ORD017463,PROD079,2024-06-10,Wrong Item,84.08
RET001686,ORD017470,PROD031,2025-09-22,Customer Changed Mind,43.13
RET001687,ORD017508,PROD099,2025-07-10,Customer Changed Mind,124.21
RET001688,ORD017514,PROD044,2024-07-29,Quality Issue,125.93
RET001689,ORD017535,PROD037,2025-12-06,Late Delivery,24.73
RET001690,ORD017536,PROD071,2024-06-09,Damaged Item,21.87
RET001691,ORD017539,PROD037,2024-11-11,Customer Changed Mind,139.49
RET001692,ORD017549,PROD074,2025-05-28,Damaged Item,96.0
RET001693,ORD017553,PROD099,2024-08-17,Damaged Item,43.87
RET001694,ORD017565,PROD041,2025-08-28,Customer Changed Mind,123.43
RET001695,ORD017568,PROD016,2024-10-18,Wrong Item,53.11
RET001696,ORD017569,PROD021,2024-07-11,Wrong Item,72.88
RET001697,ORD017576,PROD099,2025-11-26,Customer Changed Mind,26.03
RET001698,ORD017590,PROD066,2025-06-22,Quality Issue,43.05
RET001699,ORD017595,PROD065,2025-01-08,Customer Changed Mind,131.84
RET001700,ORD017601,PROD016,2024-05-25,Quality Issue,21.68
RET001701,ORD017603,PROD032,2025-04-11,Customer Changed Mind,44.39
RET001702,ORD017623,PROD002,2024-10-21,Wrong Item,12.9
RET001703,ORD017628,PROD075,2025-12-05,Wrong Item,97.46
RET001704,ORD017650,PROD078,2025-12-22,Damaged Item,125.43
RET001705,ORD017653,PROD066,2025-09-28,Quality Issue,90.55
RET001706,ORD017673,PROD008,2025-05-01,Wrong Item,27.29
RET001707,ORD017675,PROD048,2025-04-01,Wrong Item,62.74
RET001708,ORD017692,PROD024,2025-08-25,Customer Changed Mind,55.48
RET001709,ORD017728,PROD011,2025-11-06,Quality Issue,50.87
RET001710,ORD017755,PROD003,2025-01-01,Customer Changed Mind,94.45
RET001711,ORD017761,PROD020,2024-07-26,Quality Issue,145.16
RET001712,ORD017776,PROD032,2025-08-25,Damaged Item,42.29
RET001713,ORD017794,PROD093,2025-03-09,Damaged Item,55.06
RET001714,ORD017817,PROD084,2025-09-07,Customer Changed Mind,116.98
RET001715,ORD017827,PROD079,2025-12-24,Wrong Item,73.24
RET001716,ORD017837,PROD050,2024-12-22,Wrong Item,66.56
RET001717,ORD017860,PROD027,2024-11-13,Damaged Item,28.88
RET001718,ORD017870,PROD084,2024-07-08,Quality Issue,27.88
RET001719,ORD017883,PROD050,2024-07-03,Customer Changed Mind,110.21
RET001720,ORD017889,PROD083,2024-08-12,Quality Issue,62.88
RET001721,ORD017893,PROD013,2025-03-01,Wrong Item,113.12
RET001722,ORD017900,PROD047,2024-03-29,Wrong Item,95.47
RET001723,ORD017923,PROD007,2024-02-19,Quality Issue,81.22
RET001724,ORD017925,PROD050,2025-03-10,Quality Issue,37.07
RET001725,ORD017937,PROD002,2024-07-29,Damaged Item,112.13
RET001726,ORD017944,PROD069,2024-05-03,Quality Issue,38.97
RET001727,ORD017979,PROD058,2025-10-19,Damaged Item,120.87
RET001728,ORD017985,PROD015,2024-10-28,Quality Issue,10.7
RET001729,ORD017986,PROD079,2024-11-11,Late Delivery,48.94
RET001730,ORD017993,PROD077,2025-10-24,Customer Changed Mind,96.2
RET001731,ORD018007,PROD035,2025-06-25,Wrong Item,41.02
RET001732,ORD018061,PROD019,2024-10-17,Customer Changed Mind,105.22
RET001733,ORD018062,PROD023,2025-04-14,Wrong Item,34.49
RET001734,ORD018066,PROD008,2024-09-27,Damaged Item,87.64
RET001735,ORD018078,PROD059,2025-06-29,Damaged Item,59.58
RET001736,ORD018079,PROD009,2025-11-05,Damaged Item,134.27
RET001737,ORD018095,PROD015,2024-06-29,Customer Changed Mind,53.36
RET001738,ORD018127,PROD083,2025-12-14,Customer Changed Mind,132.43
RET001739,ORD018129,PROD002,2024-09-01,Customer Changed Mind,119.19
RET001740,ORD018132,PROD075,2024-09-14,Wrong Item,53.63
RET001741,ORD018147,PROD076,2025-03-16,Late Delivery,94.28
RET001742,ORD018150,PROD076,2024-11-22,Customer Changed Mind,132.65
RET001743,ORD018154,PROD016,2025-11-01,Quality Issue,85.11
RET001744,ORD018167,PROD009,2025-04-06,Customer Changed Mind,109.05
RET001745,ORD018168,PROD086,2025-05-28,Quality Issue,22.21
RET001746,ORD018169,PROD050,2024-08-10,Damaged Item,56.65
RET001747,ORD018170,PROD062,2025-05-26,Late Delivery,92.12
RET001748,ORD018187,PROD002,2025-05-26,Late Delivery,97.22
RET001749,ORD018193,PROD092,2025-03-03,Customer Changed Mind,141.11
RET001750,ORD018210,PROD019,2024-10-05,Quality Issue,116.08
RET001751,ORD018220,PROD073,2025-04-01,Wrong Item,53.44
RET001752,ORD018225,PROD006,2025-11-15,Late Delivery,149.52
RET001753,ORD018235,PROD092,2025-10-11,Customer Changed Mind,67.12
RET001754,ORD018252,PROD053,2025-05-10,Quality Issue,67.45
RET001755,ORD018254,PROD011,2025-11-10,Wrong Item,106.63
RET001756,ORD018281,PROD013,2025-11-20,Damaged Item,17.77
RET001757,ORD018293,PROD089,2025-03-09,Damaged Item,61.29
RET001758,ORD018296,PROD077,2025-02-21,Damaged Item,90.55
RET001759,ORD018305,PROD073,2025-04-16,Customer Changed Mind,110.75
RET001760,ORD018322,PROD039,2024-05-02,Damaged Item,118.51
RET001761,ORD018325,PROD030,2024-04-20,Customer Changed Mind,144.61
RET001762,ORD018340,PROD032,2024-09-16,Customer Changed Mind,66.86
RET001763,ORD018341,PROD081,2024-09-16,Damaged Item,144.52
RET001764,ORD018346,PROD036,2025-06-07,Late Delivery,149.47
RET001765,ORD018356,PROD072,2024-06-11,Customer Changed Mind,100.19
RET001766,ORD018372,PROD065,2025-10-13,Damaged Item,71.66
RET001767,ORD018393,PROD095,2025-10-09,Wrong Item,47.27
RET001768,ORD018396,PROD019,2025-01-13,Damaged Item,125.73
RET001769,ORD018397,PROD005,2025-01-22,Wrong Item,139.7
RET001770,ORD018475,PROD038,2025-03-17,Quality Issue,17.1
RET001771,ORD018491,PROD066,2025-11-01,Customer Changed Mind,32.48
RET001772,ORD018515,PROD008,2025-01-07,Damaged Item,139.47
RET001773,ORD018532,PROD069,2025-09-12,Wrong Item,33.76
RET001774,ORD018549,PROD091,2025-01-20,Quality Issue,60.05
RET001775,ORD018552,PROD006,2024-12-09,Customer Changed Mind,139.85
RET001776,ORD018586,PROD010,2025-10-20,Customer Changed Mind,109.63
RET001777,ORD018592,PROD016,2025-03-28,Customer Changed Mind,135.92
RET001778,ORD018614,PROD014,2025-03-12,Wrong Item,66.45
RET001779,ORD018624,PROD068,2024-03-02,Damaged Item,37.91
RET001780,ORD018635,PROD055,2025-12-22,Quality Issue,112.58
RET001781,ORD018643,PROD050,2025-06-30,Wrong Item,77.85
RET001782,ORD018656,PROD079,2024-08-14,Quality Issue,23.83
RET001783,ORD018670,PROD079,2025-09-22,Damaged Item,48.15
RET001784,ORD018680,PROD017,2024-08-28,Late Delivery,87.42
RET001785,ORD018687,PROD018,2024-04-02,Customer Changed Mind,114.23
RET001786,ORD018693,PROD011,2024-08-20,Customer Changed Mind,145.39
RET001787,ORD018697,PROD039,2025-03-15,Customer Changed Mind,66.33
RET001788,ORD018700,PROD057,2025-07-11,Late Delivery,117.04
RET001789,ORD018708,PROD043,2025-04-27,Quality Issue,122.17
RET001790,ORD018710,PROD076,2025-12-29,Quality Issue,66.43
RET001791,ORD018719,PROD089,2025-08-01,Wrong Item,138.44
RET001792,ORD018751,PROD015,2025-05-29,Damaged Item,79.81
RET001793,ORD018775,PROD024,2025-12-14,Wrong Item,100.65
RET001794,ORD018782,PROD049,2024-07-21,Quality Issue,125.61
RET001795,ORD018799,PROD044,2025-05-12,Customer Changed Mind,30.11
RET001796,ORD018809,PROD056,2025-08-01,Late Delivery,139.95
RET001797,ORD018831,PROD020,2025-06-23,Damaged Item,34.41
RET001798,ORD018841,PROD093,2025-09-27,Late Delivery,123.53
RET001799,ORD018843,PROD069,2024-12-13,Quality Issue,101.81
RET001800,ORD018844,PROD080,2024-06-12,Quality Issue,96.86
RET001801,ORD018868,PROD026,2025-03-05,Quality Issue,105.36
RET001802,ORD018869,PROD036,2025-09-13,Wrong Item,71.45
RET001803,ORD018882,PROD078,2025-11-11,Quality Issue,51.98
RET001804,ORD018885,PROD070,2025-07-03,Quality Issue,20.62
RET001805,ORD018886,PROD090,2025-04-28,Damaged Item,92.78
RET001806,ORD018892,PROD015,2024-05-07,Quality Issue,21.43
RET001807,ORD018896,PROD005,2024-11-01,Quality Issue,96.74
RET001808,ORD018903,PROD082,2026-01-01,Wrong Item,57.35
RET001809,ORD018905,PROD073,2024-08-05,Customer Changed Mind,114.64
RET001810,ORD018926,PROD049,2024-11-27,Customer Changed Mind,100.84
RET001811,ORD018929,PROD075,2025-08-08,Quality Issue,110.77
RET001812,ORD018930,PROD012,2025-07-04,Wrong Item,75.82
RET001813,ORD018940,PROD047,2024-10-17,Damaged Item,38.91
RET001814,ORD018950,PROD099,2025-12-23,Damaged Item,127.49
RET001815,ORD018951,PROD077,2025-06-30,Damaged Item,47.93
RET001816,ORD019014,PROD067,2025-01-11,Quality Issue,61.27
RET001817,ORD019020,PROD052,2024-08-31,Wrong Item,49.68
RET001818,ORD019025,PROD033,2024-10-02,Late Delivery,42.68
RET001819,ORD019035,PROD030,2025-08-10,Wrong Item,149.49
RET001820,ORD019052,PROD018,2024-08-24,Quality Issue,57.09
RET001821,ORD019070,PROD019,2024-10-20,Wrong Item,12.24
RET001822,ORD019074,PROD026,2025-03-25,Wrong Item,36.38
RET001823,ORD019081,PROD079,2025-07-17,Quality Issue,119.37
RET001824,ORD019089,PROD099,2025-01-29,Customer Changed Mind,118.56
RET001825,ORD019093,PROD025,2025-08-17,Customer Changed Mind,66.47
RET001826,ORD019114,PROD039,2025-03-17,Wrong Item,40.04
RET001827,ORD019142,PROD054,2025-08-05,Quality Issue,14.94
RET001828,ORD019144,PROD061,2025-07-16,Quality Issue,103.9
RET001829,ORD019154,PROD054,2025-03-23,Quality Issue,38.47
RET001830,ORD019155,PROD039,2024-01-23,Late Delivery,31.73
RET001831,ORD019168,PROD034,2025-06-29,Customer Changed Mind,24.04
RET001832,ORD019174,PROD001,2025-04-11,Wrong Item,53.02
RET001833,ORD019191,PROD057,2025-10-24,Quality Issue,40.77
RET001834,ORD019195,PROD081,2025-02-01,Wrong Item,57.18
RET001835,ORD019248,PROD077,2024-07-07,Wrong Item,65.64
RET001836,ORD019257,PROD038,2024-05-19,Quality Issue,44.77
RET001837,ORD019262,PROD025,2024-02-24,Quality Issue,50.22
RET001838,ORD019272,PROD064,2025-05-21,Late Delivery,148.53
RET001839,ORD019278,PROD037,2024-03-24,Wrong Item,82.92
RET001840,ORD019280,PROD043,2024-08-02,Damaged Item,78.34
RET001841,ORD019289,PROD046,2025-12-12,Late Delivery,24.21
RET001842,ORD019297,PROD049,2024-06-01,Quality Issue,26.47
RET001843,ORD019299,PROD070,2025-08-18,Quality Issue,69.51
RET001844,ORD019322,PROD047,2024-04-24,Damaged Item,81.66
RET001845,ORD019329,PROD037,2024-10-04,Damaged Item,17.39
RET001846,ORD019351,PROD062,2024-10-06,Wrong Item,139.94
RET001847,ORD019352,PROD009,2024-12-06,Wrong Item,51.67
RET001848,ORD019360,PROD049,2025-04-10,Wrong Item,137.45
RET001849,ORD019361,PROD010,2024-01-24,Damaged Item,71.43
RET001850,ORD019363,PROD030,2025-05-31,Damaged Item,64.86
RET001851,ORD019365,PROD044,2025-10-01,Customer Changed Mind,146.02
RET001852,ORD019395,PROD070,2025-05-18,Late Delivery,48.79
RET001853,ORD019397,PROD089,2024-01-19,Wrong Item,121.96
RET001854,ORD019436,PROD084,2025-01-21,Late Delivery,24.92
RET001855,ORD019440,PROD069,2025-01-16,Quality Issue,118.15
RET001856,ORD019448,PROD030,2025-07-13,Damaged Item,20.88
RET001857,ORD019452,PROD066,2025-05-14,Customer Changed Mind,97.34
RET001858,ORD019460,PROD049,2024-10-03,Damaged Item,130.28
RET001859,ORD019462,PROD013,2024-01-09,Wrong Item,100.87
RET001860,ORD019465,PROD072,2025-10-23,Customer Changed Mind,17.09
RET001861,ORD019478,PROD028,2025-04-19,Damaged Item,30.03
RET001862,ORD019485,PROD015,2024-07-26,Late Delivery,104.39
RET001863,ORD019500,PROD099,2025-04-10,Wrong Item,37.45
RET001864,ORD019511,PROD085,2025-11-28,Quality Issue,92.47
RET001865,ORD019530,PROD027,2024-10-21,Customer Changed Mind,143.6
RET001866,ORD019541,PROD006,2026-01-02,Late Delivery,51.95
RET001867,ORD019544,PROD094,2024-09-17,Quality Issue,43.86
RET001868,ORD019551,PROD052,2024-06-08,Quality Issue,52.26
RET001869,ORD019558,PROD007,2025-07-04,Customer Changed Mind,108.85
RET001870,ORD019562,PROD090,2024-06-18,Damaged Item,48.22
RET001871,ORD019567,PROD082,2024-01-19,Damaged Item,106.04
RET001872,ORD019573,PROD064,2024-03-14,Customer Changed Mind,17.99
RET001873,ORD019574,PROD057,2025-09-29,Damaged Item,146.01
RET001874,ORD019599,PROD035,2025-04-18,Damaged Item,61.25
RET001875,ORD019605,PROD076,2025-09-13,Quality Issue,112.5
RET001876,ORD019618,PROD081,2024-04-04,Damaged Item,136.05
RET001877,ORD019619,PROD038,2025-10-09,Wrong Item,115.08
RET001878,ORD019625,PROD006,2024-01-20,Wrong Item,117.42
RET001879,ORD019628,PROD018,2024-08-19,Customer Changed Mind,55.93
RET001880,ORD019631,PROD032,2025-01-16,Wrong Item,71.22
RET001881,ORD019644,PROD092,2026-01-01,Damaged Item,143.78
RET001882,ORD019648,PROD015,2024-03-14,Wrong Item,29.03
RET001883,ORD019671,PROD052,2024-08-26,Customer Changed Mind,41.8
RET001884,ORD019672,PROD094,2025-03-24,Quality Issue,68.82
RET001885,ORD019673,PROD075,2025-09-17,Customer Changed Mind,133.06
RET001886,ORD019674,PROD040,2024-12-24,Late Delivery,89.96
RET001887,ORD019682,PROD007,2025-02-17,Customer Changed Mind,35.13
RET001888,ORD019684,PROD028,2025-04-26,Damaged Item,74.44
RET001889,ORD019695,PROD033,2025-12-30,Quality Issue,88.42
RET001890,ORD019699,PROD065,2024-01-28,Wrong Item,132.41
RET001891,ORD019702,PROD050,2025-01-13,Damaged Item,33.52
RET001892,ORD019714,PROD033,2024-02-17,Quality Issue,15.79
RET001893,ORD019739,PROD019,2025-11-08,Damaged Item,142.17
RET001894,ORD019741,PROD058,2025-10-03,Customer Changed Mind,131.76
RET001895,ORD019748,PROD045,2025-02-06,Quality Issue,100.33
RET001896,ORD019749,PROD035,2024-09-09,Wrong Item,17.48
RET001897,ORD019758,PROD063,2024-05-07,Wrong Item,141.58
RET001898,ORD019781,PROD054,2025-07-01,Customer Changed Mind,17.55
RET001899,ORD019799,PROD019,2025-07-13,Wrong Item,149.78
RET001900,ORD019800,PROD072,2025-07-25,Wrong Item,27.28
RET001901,ORD019804,PROD008,2025-02-12,Late Delivery,45.36
RET001902,ORD019840,PROD034,2025-10-27,Damaged Item,67.14
RET001903,ORD019846,PROD048,2025-01-08,Damaged Item,137.44
RET001904,ORD019858,PROD022,2025-01-11,Wrong Item,135.69
RET001905,ORD019861,PROD079,2024-10-07,Late Delivery,110.94
RET001906,ORD019873,PROD097,2024-05-28,Damaged Item,81.13
RET001907,ORD019893,PROD089,2025-03-01,Customer Changed Mind,73.05
RET001908,ORD019905,PROD040,2025-11-21,Customer Changed Mind,64.61
RET001909,ORD019914,PROD072,2025-10-18,Customer Changed Mind,118.72
RET001910,ORD019915,PROD055,2024-11-21,Customer Changed Mind,47.45
RET001911,ORD019928,PROD081,2024-10-08,Customer Changed Mind,20.0
RET001912,ORD019971,PROD057,2025-02-09,Damaged Item,64.6
RET001913,ORD019975,PROD026,2025-06-27,Damaged Item,38.46
RET001914,ORD019977,PROD026,2024-06-20,Customer Changed Mind,78.8
RET001915,ORD019980,PROD019,2024-09-16,Customer Changed Mind,116.45
RET001916,ORD019981,PROD067,2024-04-28,Wrong Item,53.08
RET001917,ORD019992,PROD093,2024-05-19,Quality Issue,94.97
RET001918,ORD020002,PROD042,2024-09-16,Quality Issue,59.89
RET001919,ORD020011,PROD020,2024-10-19,Wrong Item,36.31
RET001920,ORD020020,PROD075,2024-06-29,Customer Changed Mind,107.43
RET001921,ORD020028,PROD086,2025-03-26,Customer Changed Mind,107.18
RET001922,ORD020084,PROD038,2024-04-19,Damaged Item,74.75
RET001923,ORD020086,PROD076,2025-08-22,Damaged Item,53.44
RET001924,ORD020093,PROD006,2024-07-19,Damaged Item,103.96
RET001925,ORD020096,PROD079,2024-05-19,Quality Issue,10.7
RET001926,ORD020105,PROD090,2025-02-02,Damaged Item,144.95
RET001927,ORD020112,PROD047,2025-10-17,Quality Issue,90.43
RET001928,ORD020125,PROD088,2025-07-23,Wrong Item,90.39
RET001929,ORD020132,PROD061,2025-10-31,Quality Issue,84.17
RET001930,ORD020147,PROD022,2025-06-27,Damaged Item,15.99
RET001931,ORD020149,PROD033,2025-02-22,Customer Changed Mind,53.54
RET001932,ORD020167,PROD044,2024-10-16,Wrong Item,70.08
RET001933,ORD020168,PROD098,2024-06-17,Customer Changed Mind,144.67
RET001934,ORD020177,PROD042,2024-09-05,Wrong Item,10.99
RET001935,ORD020185,PROD080,2024-06-20,Late Delivery,53.01
RET001936,ORD020195,PROD083,2024-07-05,Wrong Item,37.31
RET001937,ORD020203,PROD070,2024-07-11,Quality Issue,10.47
RET001938,ORD020206,PROD020,2025-11-22,Customer Changed Mind,65.37
RET001939,ORD020217,PROD050,2024-12-24,Customer Changed Mind,135.83
RET001940,ORD020221,PROD007,2024-09-04,Quality Issue,47.7
RET001941,ORD020224,PROD026,2025-07-14,Wrong Item,114.66
RET001942,ORD020232,PROD015,2025-04-28,Damaged Item,27.36
RET001943,ORD020233,PROD087,2024-02-13,Quality Issue,120.03
RET001944,ORD020239,PROD069,2025-01-06,Damaged Item,135.98
RET001945,ORD020245,PROD016,2024-09-02,Wrong Item,105.15
RET001946,ORD020263,PROD028,2025-12-17,Customer Changed Mind,146.18
RET001947,ORD020276,PROD034,2025-03-12,Wrong Item,32.06
RET001948,ORD020286,PROD094,2024-04-10,Wrong Item,91.19
RET001949,ORD020294,PROD049,2024-02-03,Damaged Item,47.63
RET001950,ORD020306,PROD083,2024-11-21,Customer Changed Mind,17.33
RET001951,ORD020313,PROD093,2025-07-28,Quality Issue,138.38
RET001952,ORD020315,PROD087,2025-10-30,Damaged Item,61.35
RET001953,ORD020323,PROD074,2024-05-30,Late Delivery,117.76
RET001954,ORD020331,PROD038,2025-08-04,Wrong Item,131.99
RET001955,ORD020336,PROD068,2024-06-08,Customer Changed Mind,141.88
RET001956,ORD020339,PROD034,2024-08-06,Quality Issue,37.74
RET001957,ORD020344,PROD002,2024-11-29,Wrong Item,34.88
RET001958,ORD020346,PROD011,2025-08-01,Late Delivery,109.21
RET001959,ORD020349,PROD086,2025-08-03,Wrong Item,146.29
RET001960,ORD020356,PROD075,2024-11-19,Customer Changed Mind,58.85
RET001961,ORD020359,PROD094,2024-07-15,Late Delivery,61.35
RET001962,ORD020377,PROD044,2024-06-08,Quality Issue,10.38
RET001963,ORD020424,PROD061,2025-05-25,Damaged Item,46.75
RET001964,ORD020431,PROD073,2024-12-05,Customer Changed Mind,88.17
RET001965,ORD020437,PROD024,2025-08-04,Damaged Item,127.91
RET001966,ORD020451,PROD076,2024-11-29,Damaged Item,131.28
RET001967,ORD020475,PROD037,2024-08-02,Damaged Item,51.23
RET001968,ORD020493,PROD085,2024-05-25,Quality Issue,77.52
RET001969,ORD020502,PROD022,2025-08-16,Wrong Item,121.55
RET001970,ORD020539,PROD094,2024-10-26,Customer Changed Mind,21.21
RET001971,ORD020542,PROD024,2024-03-28,Customer Changed Mind,61.08
RET001972,ORD020544,PROD043,2024-10-24,Wrong Item,94.83
RET001973,ORD020545,PROD015,2024-05-16,Quality Issue,149.37
RET001974,ORD020561,PROD084,2025-07-25,Customer Changed Mind,61.68
RET001975,ORD020589,PROD019,2025-10-04,Damaged Item,63.3
RET001976,ORD020594,PROD045,2024-04-13,Late Delivery,25.31
RET001977,ORD020615,PROD047,2024-09-23,Quality Issue,129.9
RET001978,ORD020619,PROD035,2024-10-25,Quality Issue,26.67
RET001979,ORD020623,PROD022,2024-06-15,Damaged Item,145.19
RET001980,ORD020625,PROD004,2024-05-15,Wrong Item,109.44
RET001981,ORD020631,PROD032,2024-05-20,Customer Changed Mind,138.02
RET001982,ORD020654,PROD088,2025-07-02,Customer Changed Mind,126.2
RET001983,ORD020660,PROD064,2024-09-23,Late Delivery,65.03
RET001984,ORD020667,PROD020,2024-03-17,Damaged Item,17.93
RET001985,ORD020669,PROD010,2024-02-06,Damaged Item,147.29
RET001986,ORD020676,PROD028,2025-04-08,Damaged Item,143.85
RET001987,ORD020684,PROD048,2024-10-19,Customer Changed Mind,52.28
RET001988,ORD020689,PROD066,2025-01-25,Wrong Item,82.26
RET001989,ORD020697,PROD014,2025-06-02,Quality Issue,100.87
RET001990,ORD020703,PROD050,2025-06-29,Damaged Item,104.87
RET001991,ORD020722,PROD006,2024-09-22,Late Delivery,136.89
RET001992,ORD020734,PROD008,2025-12-25,Late Delivery,83.26
RET001993,ORD020735,PROD071,2024-06-27,Damaged Item,86.3
RET001994,ORD020761,PROD095,2024-11-13,Damaged Item,105.69
RET001995,ORD020772,PROD066,2024-03-26,Damaged Item,87.3
RET001996,ORD020785,PROD041,2024-10-21,Quality Issue,59.92
RET001997,ORD020788,PROD074,2025-05-31,Wrong Item,106.59
RET001998,ORD020793,PROD090,2025-02-25,Customer Changed Mind,121.36
RET001999,ORD020820,PROD052,2024-07-01,Quality Issue,30.69
RET002000,ORD020840,PROD027,2024-06-05,Damaged Item,36.44
RET002001,ORD020845,PROD021,2024-04-09,Late Delivery,59.13
RET002002,ORD020849,PROD029,2025-06-06,Customer Changed Mind,92.22
RET002003,ORD020865,PROD070,2025-12-14,Damaged Item,38.39
RET002004,ORD020867,PROD022,2024-03-18,Quality Issue,148.72
RET002005,ORD020871,PROD018,2025-01-01,Customer Changed Mind,39.82
RET002006,ORD020889,PROD074,2024-03-21,Quality Issue,115.67
RET002007,ORD020891,PROD002,2024-02-13,Late Delivery,64.75
RET002008,ORD020897,PROD013,2024-05-09,Quality Issue,78.35
RET002009,ORD020907,PROD039,2024-12-22,Quality Issue,102.83
RET002010,ORD020924,PROD093,2024-09-13,Customer Changed Mind,141.82
RET002011,ORD020926,PROD032,2025-12-08,Wrong Item,131.38
RET002012,ORD020945,PROD079,2025-10-05,Customer Changed Mind,83.67
RET002013,ORD020972,PROD022,2025-02-05,Wrong Item,140.17
RET002014,ORD020978,PROD074,2025-10-16,Quality Issue,16.2
RET002015,ORD020986,PROD079,2024-10-24,Quality Issue,63.39
RET002016,ORD020990,PROD044,2025-10-06,Customer Changed Mind,104.05
RET002017,ORD020991,PROD015,2025-04-19,Quality Issue,60.89
RET002018,ORD020995,PROD017,2024-11-12,Damaged Item,73.73
RET002019,ORD021012,PROD031,2025-01-09,Quality Issue,21.32
RET002020,ORD021025,PROD094,2024-06-25,Late Delivery,105.36
RET002021,ORD021030,PROD071,2025-08-15,Damaged Item,75.95
RET002022,ORD021097,PROD090,2024-04-04,Damaged Item,76.92
RET002023,ORD021101,PROD058,2025-08-27,Late Delivery,129.43
RET002024,ORD021112,PROD077,2025-05-29,Customer Changed Mind,40.89
RET002025,ORD021113,PROD019,2025-08-13,Wrong Item,63.62
RET002026,ORD021119,PROD042,2024-11-24,Late Delivery,123.87
RET002027,ORD021133,PROD004,2024-03-22,Customer Changed Mind,57.89
RET002028,ORD021145,PROD100,2025-08-08,Damaged Item,10.15
RET002029,ORD021149,PROD080,2025-01-23,Customer Changed Mind,69.98
RET002030,ORD021161,PROD038,2025-10-26,Late Delivery,123.24
RET002031,ORD021170,PROD090,2025-03-16,Customer Changed Mind,57.41
RET002032,ORD021174,PROD098,2024-11-14,Damaged Item,71.01
RET002033,ORD021184,PROD005,2024-10-20,Wrong Item,130.26
RET002034,ORD021194,PROD011,2025-01-17,Wrong Item,78.73
RET002035,ORD021204,PROD047,2025-12-30,Damaged Item,73.69
RET002036,ORD021208,PROD032,2024-05-27,Damaged Item,100.09
RET002037,ORD021240,PROD094,2025-04-22,Damaged Item,147.09
RET002038,ORD021244,PROD087,2024-12-15,Customer Changed Mind,33.82
RET002039,ORD021249,PROD023,2024-06-19,Quality Issue,37.46
RET002040,ORD021250,PROD052,2024-12-28,Customer Changed Mind,18.13
RET002041,ORD021259,PROD025,2024-06-27,Quality Issue,13.45
RET002042,ORD021264,PROD073,2024-12-12,Damaged Item,32.22
RET002043,ORD021269,PROD025,2024-03-28,Quality Issue,60.19
RET002044,ORD021277,PROD051,2024-08-04,Customer Changed Mind,111.04
RET002045,ORD021315,PROD059,2025-02-27,Damaged Item,20.7
RET002046,ORD021333,PROD085,2025-03-03,Damaged Item,64.1
RET002047,ORD021334,PROD081,2024-05-04,Customer Changed Mind,59.84
RET002048,ORD021340,PROD046,2024-07-13,Customer Changed Mind,37.05
RET002049,ORD021343,PROD091,2025-10-23,Wrong Item,101.25
RET002050,ORD021347,PROD017,2025-04-26,Late Delivery,36.2
RET002051,ORD021358,PROD001,2024-01-12,Damaged Item,138.69
RET002052,ORD021359,PROD095,2024-03-19,Quality Issue,120.35
RET002053,ORD021379,PROD082,2024-02-22,Quality Issue,119.42
RET002054,ORD021394,PROD082,2025-04-27,Late Delivery,66.71
RET002055,ORD021409,PROD028,2025-11-01,Customer Changed Mind,107.82
RET002056,ORD021433,PROD001,2026-01-10,Customer Changed Mind,113.22
RET002057,ORD021449,PROD056,2025-12-08,Customer Changed Mind,39.76
RET002058,ORD021455,PROD027,2024-05-10,Damaged Item,26.3
RET002059,ORD021458,PROD002,2025-05-10,Wrong Item,49.13
RET002060,ORD021465,PROD026,2025-05-19,Quality Issue,71.1
RET002061,ORD021468,PROD058,2024-07-03,Quality Issue,115.46
RET002062,ORD021482,PROD029,2025-08-01,Customer Changed Mind,39.29
RET002063,ORD021497,PROD077,2025-01-06,Late Delivery,113.34
RET002064,ORD021499,PROD017,2025-09-25,Quality Issue,95.46
RET002065,ORD021504,PROD016,2024-03-27,Customer Changed Mind,123.76
RET002066,ORD021516,PROD071,2024-07-16,Wrong Item,114.87
RET002067,ORD021521,PROD082,2025-08-27,Wrong Item,45.19
RET002068,ORD021522,PROD074,2024-07-28,Customer Changed Mind,59.41
RET002069,ORD021534,PROD043,2024-02-07,Customer Changed Mind,24.81
RET002070,ORD021542,PROD098,2025-05-30,Damaged Item,116.37
RET002071,ORD021555,PROD043,2025-05-30,Wrong Item,56.07
RET002072,ORD021569,PROD067,2024-11-09,Wrong Item,52.62
RET002073,ORD021575,PROD080,2024-06-11,Quality Issue,36.99
RET002074,ORD021585,PROD009,2025-11-19,Wrong Item,140.67
RET002075,ORD021595,PROD021,2025-09-21,Customer Changed Mind,86.4
RET002076,ORD021596,PROD081,2024-03-06,Damaged Item,84.9
RET002077,ORD021624,PROD017,2024-09-29,Customer Changed Mind,23.24
RET002078,ORD021625,PROD010,2025-05-07,Late Delivery,46.08
RET002079,ORD021630,PROD034,2024-10-23,Wrong Item,94.08
RET002080,ORD021631,PROD089,2025-12-22,Wrong Item,139.74
RET002081,ORD021646,PROD025,2025-02-13,Late Delivery,113.11
RET002082,ORD021664,PROD006,2024-02-16,Wrong Item,106.83
RET002083,ORD021687,PROD086,2024-12-03,Wrong Item,35.14
RET002084,ORD021693,PROD079,2024-03-22,Late Delivery,38.84
RET002085,ORD021706,PROD083,2025-04-08,Customer Changed Mind,24.87
RET002086,ORD021710,PROD019,2025-10-31,Customer Changed Mind,90.13
RET002087,ORD021743,PROD099,2024-09-08,Quality Issue,114.27
RET002088,ORD021764,PROD097,2025-08-18,Late Delivery,77.58
RET002089,ORD021772,PROD020,2024-02-07,Customer Changed Mind,110.87
RET002090,ORD021776,PROD072,2024-10-30,Customer Changed Mind,127.51
RET002091,ORD021780,PROD010,2025-01-30,Damaged Item,13.77
RET002092,ORD021781,PROD011,2024-01-30,Customer Changed Mind,33.1
RET002093,ORD021814,PROD064,2025-02-05,Wrong Item,136.12
RET002094,ORD021820,PROD001,2024-04-01,Customer Changed Mind,120.8
RET002095,ORD021822,PROD055,2024-07-27,Quality Issue,30.96
RET002096,ORD021823,PROD048,2024-04-08,Damaged Item,64.82
RET002097,ORD021827,PROD037,2025-02-08,Quality Issue,70.87
RET002098,ORD021831,PROD098,2025-11-03,Damaged Item,128.17
RET002099,ORD021859,PROD077,2025-05-13,Quality Issue,120.29
RET002100,ORD021906,PROD076,2024-04-14,Damaged Item,109.31
RET002101,ORD021912,PROD086,2024-09-20,Damaged Item,12.98
RET002102,ORD021931,PROD082,2025-09-14,Customer Changed Mind,134.5
RET002103,ORD021936,PROD070,2025-09-09,Customer Changed Mind,87.28
RET002104,ORD021945,PROD037,2024-09-27,Damaged Item,42.38
RET002105,ORD021953,PROD026,2025-07-08,Wrong Item,104.81
RET002106,ORD021958,PROD009,2025-04-27,Damaged Item,104.63
RET002107,ORD021959,PROD023,2025-10-19,Quality Issue,48.87
RET002108,ORD021965,PROD037,2025-07-11,Late Delivery,37.99
RET002109,ORD021971,PROD063,2025-06-15,Quality Issue,19.65
RET002110,ORD021977,PROD011,2024-11-08,Damaged Item,17.83
RET002111,ORD021990,PROD084,2024-11-24,Quality Issue,118.54
RET002112,ORD022017,PROD085,2025-10-31,Customer Changed Mind,11.15
RET002113,ORD022018,PROD089,2024-01-30,Customer Changed Mind,138.35
RET002114,ORD022055,PROD065,2024-12-16,Customer Changed Mind,83.93
RET002115,ORD022058,PROD016,2025-06-14,Damaged Item,132.54
RET002116,ORD022097,PROD028,2025-06-16,Quality Issue,109.42
RET002117,ORD022109,PROD059,2025-03-25,Damaged Item,32.3
RET002118,ORD022112,PROD089,2025-10-23,Quality Issue,59.86
RET002119,ORD022113,PROD097,2025-01-24,Customer Changed Mind,143.71
RET002120,ORD022122,PROD033,2024-07-25,Late Delivery,59.76
RET002121,ORD022149,PROD028,2025-08-28,Wrong Item,146.81
RET002122,ORD022152,PROD001,2025-03-01,Damaged Item,43.96
RET002123,ORD022178,PROD052,2025-11-15,Late Delivery,40.47
RET002124,ORD022216,PROD099,2024-05-24,Quality Issue,59.73
RET002125,ORD022239,PROD090,2024-11-15,Late Delivery,133.11
RET002126,ORD022246,PROD031,2024-05-12,Customer Changed Mind,147.46
RET002127,ORD022261,PROD045,2024-12-17,Customer Changed Mind,139.97
RET002128,ORD022296,PROD061,2025-09-15,Quality Issue,27.28
RET002129,ORD022305,PROD013,2025-07-31,Damaged Item,22.94
RET002130,ORD022308,PROD005,2025-08-31,Quality Issue,72.1
RET002131,ORD022328,PROD099,2025-09-05,Quality Issue,31.8
RET002132,ORD022337,PROD081,2024-01-21,Damaged Item,67.51
RET002133,ORD022348,PROD073,2025-12-20,Damaged Item,114.48
RET002134,ORD022356,PROD081,2024-08-08,Wrong Item,13.72
RET002135,ORD022359,PROD023,2025-12-24,Late Delivery,130.39
RET002136,ORD022378,PROD002,2025-09-29,Quality Issue,142.08
RET002137,ORD022382,PROD008,2025-08-13,Wrong Item,95.99
RET002138,ORD022390,PROD068,2025-05-12,Damaged Item,73.01
RET002139,ORD022397,PROD077,2025-07-30,Quality Issue,91.55
RET002140,ORD022398,PROD077,2024-01-16,Quality Issue,36.71
RET002141,ORD022404,PROD019,2025-06-09,Damaged Item,48.61
RET002142,ORD022408,PROD060,2025-08-23,Damaged Item,27.62
RET002143,ORD022418,PROD029,2024-05-13,Quality Issue,113.12
RET002144,ORD022422,PROD079,2025-09-23,Wrong Item,104.04
RET002145,ORD022428,PROD041,2024-06-14,Damaged Item,11.16
RET002146,ORD022436,PROD063,2024-05-17,Wrong Item,91.37
RET002147,ORD022446,PROD005,2025-12-12,Damaged Item,107.86
RET002148,ORD022447,PROD063,2024-06-28,Customer Changed Mind,83.72
RET002149,ORD022465,PROD026,2025-12-28,Quality Issue,85.92
RET002150,ORD022477,PROD010,2024-07-22,Wrong Item,62.65
RET002151,ORD022485,PROD020,2024-12-29,Damaged Item,130.97
RET002152,ORD022493,PROD087,2025-08-17,Wrong Item,22.57
RET002153,ORD022500,PROD096,2025-07-21,Wrong Item,105.84
RET002154,ORD022514,PROD093,2025-10-07,Wrong Item,25.23
RET002155,ORD022529,PROD067,2024-12-22,Late Delivery,21.02
RET002156,ORD022532,PROD081,2024-03-11,Quality Issue,138.87
RET002157,ORD022538,PROD061,2024-09-03,Wrong Item,83.62
RET002158,ORD022547,PROD024,2025-02-10,Damaged Item,97.37
RET002159,ORD022585,PROD018,2024-08-28,Late Delivery,118.4
RET002160,ORD022589,PROD073,2024-02-18,Damaged Item,123.0
RET002161,ORD022593,PROD039,2024-06-28,Quality Issue,20.77
RET002162,ORD022607,PROD002,2025-11-12,Customer Changed Mind,39.05
RET002163,ORD022609,PROD037,2024-04-02,Damaged Item,116.32
RET002164,ORD022617,PROD030,2025-10-12,Customer Changed Mind,107.47
RET002165,ORD022622,PROD081,2024-12-24,Customer Changed Mind,34.61
RET002166,ORD022626,PROD097,2024-03-26,Damaged Item,57.0
RET002167,ORD022642,PROD086,2024-03-03,Customer Changed Mind,125.49
RET002168,ORD022659,PROD087,2025-04-05,Damaged Item,102.8
RET002169,ORD022682,PROD058,2025-09-10,Damaged Item,115.28
RET002170,ORD022686,PROD074,2024-06-03,Late Delivery,105.52
RET002171,ORD022688,PROD077,2025-04-28,Customer Changed Mind,135.02
RET002172,ORD022690,PROD100,2024-07-05,Damaged Item,77.98
RET002173,ORD022692,PROD063,2024-02-17,Damaged Item,33.51
RET002174,ORD022718,PROD049,2025-01-30,Damaged Item,107.79
RET002175,ORD022720,PROD029,2024-04-30,Wrong Item,46.37
RET002176,ORD022722,PROD021,2025-08-17,Quality Issue,137.91
RET002177,ORD022725,PROD040,2024-02-21,Quality Issue,56.46
RET002178,ORD022729,PROD100,2025-03-27,Customer Changed Mind,19.09
RET002179,ORD022737,PROD074,2024-12-13,Customer Changed Mind,34.16
RET002180,ORD022747,PROD029,2024-03-01,Wrong Item,147.17
RET002181,ORD022751,PROD057,2025-01-28,Late Delivery,80.02
RET002182,ORD022765,PROD011,2024-12-05,Quality Issue,117.66
RET002183,ORD022781,PROD087,2025-07-19,Wrong Item,114.44
RET002184,ORD022783,PROD059,2024-01-25,Damaged Item,41.62
RET002185,ORD022788,PROD059,2024-02-12,Wrong Item,149.2
RET002186,ORD022796,PROD085,2024-10-30,Wrong Item,59.49
RET002187,ORD022811,PROD065,2024-01-15,Wrong Item,107.08
RET002188,ORD022821,PROD003,2024-06-01,Damaged Item,95.71
RET002189,ORD022829,PROD092,2025-05-23,Damaged Item,33.07
RET002190,ORD022841,PROD040,2024-04-15,Quality Issue,99.4
RET002191,ORD022848,PROD065,2025-04-22,Damaged Item,43.9
RET002192,ORD022856,PROD086,2025-03-01,Customer Changed Mind,65.67
RET002193,ORD022865,PROD037,2025-06-01,Quality Issue,59.04
RET002194,ORD022868,PROD097,2025-11-30,Quality Issue,60.93
RET002195,ORD022877,PROD050,2025-04-15,Customer Changed Mind,57.8
RET002196,ORD022886,PROD002,2024-08-04,Wrong Item,131.76
RET002197,ORD022893,PROD086,2024-08-08,Quality Issue,98.66
RET002198,ORD022931,PROD014,2025-09-07,Late Delivery,148.77
RET002199,ORD022935,PROD008,2025-08-20,Wrong Item,132.25
RET002200,ORD022958,PROD065,2024-02-28,Damaged Item,131.62
RET002201,ORD022966,PROD088,2025-11-27,Wrong Item,29.02
RET002202,ORD022968,PROD091,2024-12-31,Customer Changed Mind,98.23
RET002203,ORD022988,PROD054,2025-09-20,Quality Issue,103.03
RET002204,ORD022990,PROD040,2025-07-16,Damaged Item,46.73
RET002205,ORD023001,PROD087,2024-06-16,Quality Issue,68.1
RET002206,ORD023011,PROD092,2025-09-18,Late Delivery,137.0
RET002207,ORD023014,PROD020,2025-11-24,Customer Changed Mind,109.62
RET002208,ORD023026,PROD043,2024-07-09,Wrong Item,25.17
RET002209,ORD023048,PROD020,2024-09-22,Damaged Item,128.64
RET002210,ORD023093,PROD033,2024-11-22,Late Delivery,75.09
RET002211,ORD023131,PROD070,2024-11-14,Damaged Item,79.42
RET002212,ORD023136,PROD075,2024-10-08,Wrong Item,28.45
RET002213,ORD023154,PROD026,2024-09-21,Wrong Item,57.15
RET002214,ORD023160,PROD030,2024-09-16,Damaged Item,131.55
RET002215,ORD023162,PROD100,2025-03-26,Customer Changed Mind,115.46
RET002216,ORD023172,PROD006,2025-01-12,Late Delivery,34.21
RET002217,ORD023174,PROD068,2025-10-26,Wrong Item,22.4
RET002218,ORD023178,PROD062,2025-03-12,Quality Issue,127.79
RET002219,ORD023181,PROD082,2025-03-29,Late Delivery,71.58
RET002220,ORD023198,PROD091,2024-07-02,Quality Issue,108.77
RET002221,ORD023214,PROD089,2024-04-11,Customer Changed Mind,57.22
RET002222,ORD023224,PROD027,2024-07-13,Damaged Item,16.8
RET002223,ORD023230,PROD080,2024-08-30,Wrong Item,110.98
RET002224,ORD023231,PROD100,2024-10-20,Late Delivery,88.57
RET002225,ORD023250,PROD045,2025-01-15,Late Delivery,13.34
RET002226,ORD023251,PROD013,2024-05-09,Quality Issue,121.17
RET002227,ORD023254,PROD085,2025-05-28,Damaged Item,86.92
RET002228,ORD023273,PROD079,2025-07-10,Wrong Item,72.29
RET002229,ORD023274,PROD031,2025-05-07,Quality Issue,58.01
RET002230,ORD023289,PROD067,2025-02-20,Quality Issue,56.6
RET002231,ORD023303,PROD050,2024-06-27,Wrong Item,132.84
RET002232,ORD023309,PROD063,2025-01-01,Wrong Item,80.61
RET002233,ORD023312,PROD034,2025-06-26,Quality Issue,108.81
RET002234,ORD023324,PROD056,2024-03-17,Wrong Item,51.51
RET002235,ORD023329,PROD041,2025-04-05,Late Delivery,131.86
RET002236,ORD023368,PROD066,2025-12-13,Wrong Item,17.24
RET002237,ORD023438,PROD006,2025-05-21,Damaged Item,53.48
RET002238,ORD023439,PROD033,2024-06-26,Damaged Item,43.21
RET002239,ORD023452,PROD040,2024-08-29,Wrong Item,69.99
RET002240,ORD023461,PROD080,2025-04-13,Damaged Item,111.06
RET002241,ORD023501,PROD044,2025-07-03,Customer Changed Mind,107.03
RET002242,ORD023502,PROD060,2024-07-08,Late Delivery,15.85
RET002243,ORD023510,PROD093,2025-02-11,Damaged Item,24.36
RET002244,ORD023516,PROD022,2025-04-08,Quality Issue,99.35
RET002245,ORD023542,PROD057,2024-06-27,Wrong Item,58.02
RET002246,ORD023558,PROD056,2025-11-09,Damaged Item,72.76
RET002247,ORD023580,PROD029,2024-09-25,Customer Changed Mind,145.74
RET002248,ORD023585,PROD069,2024-05-22,Damaged Item,107.92
RET002249,ORD023588,PROD064,2024-06-22,Wrong Item,56.39
RET002250,ORD023591,PROD029,2024-07-17,Damaged Item,59.02
RET002251,ORD023602,PROD099,2024-02-22,Wrong Item,149.22
RET002252,ORD023605,PROD055,2025-09-26,Customer Changed Mind,141.63
RET002253,ORD023608,PROD067,2025-01-20,Quality Issue,89.03
RET002254,ORD023609,PROD063,2025-02-07,Quality Issue,122.81
RET002255,ORD023612,PROD059,2024-05-21,Damaged Item,20.27
RET002256,ORD023618,PROD055,2025-02-23,Wrong Item,131.57
RET002257,ORD023635,PROD024,2025-01-12,Late Delivery,131.37
RET002258,ORD023661,PROD034,2025-01-28,Damaged Item,142.5
RET002259,ORD023668,PROD037,2025-02-01,Wrong Item,14.82
RET002260,ORD023674,PROD098,2025-09-14,Damaged Item,102.7
RET002261,ORD023695,PROD015,2025-06-09,Wrong Item,141.63
RET002262,ORD023700,PROD002,2025-01-29,Late Delivery,91.7
RET002263,ORD023720,PROD037,2025-12-18,Quality Issue,31.3
RET002264,ORD023727,PROD008,2025-06-10,Quality Issue,46.22
RET002265,ORD023739,PROD088,2025-10-14,Customer Changed Mind,121.14
RET002266,ORD023740,PROD002,2025-04-02,Wrong Item,138.87
RET002267,ORD023757,PROD080,2024-12-15,Late Delivery,46.42
RET002268,ORD023770,PROD095,2024-01-30,Damaged Item,87.69
RET002269,ORD023785,PROD052,2024-08-27,Wrong Item,102.91
RET002270,ORD023802,PROD039,2024-03-01,Late Delivery,12.77
RET002271,ORD023805,PROD017,2025-06-29,Customer Changed Mind,119.97
RET002272,ORD023815,PROD023,2025-04-15,Quality Issue,63.1
RET002273,ORD023824,PROD049,2024-10-07,Quality Issue,67.42
RET002274,ORD023850,PROD092,2024-04-21,Damaged Item,48.81
RET002275,ORD023858,PROD054,2025-10-31,Wrong Item,100.9
RET002276,ORD023882,PROD082,2025-03-28,Customer Changed Mind,108.87
RET002277,ORD023891,PROD086,2025-08-22,Damaged Item,114.65
RET002278,ORD023904,PROD042,2024-08-10,Quality Issue,133.84
RET002279,ORD023907,PROD078,2025-11-10,Damaged Item,105.41
RET002280,ORD023908,PROD075,2025-03-21,Damaged Item,46.57
RET002281,ORD023916,PROD016,2025-01-19,Customer Changed Mind,128.98
RET002282,ORD023921,PROD036,2024-05-16,Damaged Item,13.31
RET002283,ORD023937,PROD036,2025-04-02,Customer Changed Mind,107.32
RET002284,ORD023940,PROD010,2024-02-17,Late Delivery,108.52
RET002285,ORD023943,PROD067,2024-06-05,Wrong Item,126.44
RET002286,ORD023957,PROD068,2025-02-18,Wrong Item,75.81
RET002287,ORD023971,PROD074,2024-04-29,Wrong Item,41.51
RET002288,ORD023975,PROD001,2024-12-07,Quality Issue,99.07
RET002289,ORD023982,PROD097,2026-01-02,Quality Issue,15.61
RET002290,ORD023983,PROD098,2024-04-21,Customer Changed Mind,77.78
RET002291,ORD023987,PROD014,2024-06-27,Late Delivery,67.04
RET002292,ORD023992,PROD020,2025-07-25,Quality Issue,115.17
RET002293,ORD023997,PROD032,2025-03-24,Damaged Item,110.57
RET002294,ORD024006,PROD033,2025-11-25,Quality Issue,98.35
RET002295,ORD024020,PROD001,2024-03-05,Customer Changed Mind,76.07
RET002296,ORD024029,PROD070,2024-03-23,Customer Changed Mind,66.88
RET002297,ORD024053,PROD022,2025-02-15,Quality Issue,73.24
RET002298,ORD024058,PROD011,2024-06-23,Damaged Item,137.43
RET002299,ORD024072,PROD051,2025-06-21,Quality Issue,82.1
RET002300,ORD024080,PROD011,2024-02-03,Wrong Item,34.44
RET002301,ORD024085,PROD022,2025-07-16,Damaged Item,130.15
RET002302,ORD024087,PROD092,2024-09-30,Wrong Item,102.03
RET002303,ORD024089,PROD070,2024-11-12,Quality Issue,33.13
RET002304,ORD024090,PROD073,2025-06-07,Quality Issue,111.29
RET002305,ORD024100,PROD007,2024-12-30,Customer Changed Mind,92.67
RET002306,ORD024111,PROD078,2024-06-11,Customer Changed Mind,81.0
RET002307,ORD024114,PROD091,2025-10-25,Quality Issue,111.72
RET002308,ORD024119,PROD008,2025-07-08,Quality Issue,32.05
RET002309,ORD024125,PROD085,2025-06-28,Customer Changed Mind,83.19
RET002310,ORD024126,PROD034,2024-09-11,Customer Changed Mind,148.77
RET002311,ORD024130,PROD014,2025-11-30,Quality Issue,81.33
RET002312,ORD024137,PROD083,2025-11-08,Wrong Item,133.81
RET002313,ORD024143,PROD005,2024-12-13,Late Delivery,45.04
RET002314,ORD024166,PROD085,2024-11-09,Quality Issue,149.68
RET002315,ORD024177,PROD027,2024-02-10,Customer Changed Mind,80.04
RET002316,ORD024182,PROD023,2025-07-01,Damaged Item,78.66
RET002317,ORD024186,PROD078,2025-08-10,Customer Changed Mind,96.5
RET002318,ORD024196,PROD032,2025-04-24,Late Delivery,16.73
RET002319,ORD024198,PROD055,2025-12-11,Customer Changed Mind,125.08
RET002320,ORD024199,PROD004,2024-07-11,Customer Changed Mind,96.44
RET002321,ORD024208,PROD050,2025-08-18,Quality Issue,144.89
RET002322,ORD024211,PROD098,2025-07-08,Customer Changed Mind,101.88
RET002323,ORD024213,PROD043,2024-01-18,Quality Issue,31.55
RET002324,ORD024224,PROD009,2025-12-11,Quality Issue,140.24
RET002325,ORD024231,PROD040,2025-10-09,Wrong Item,78.48
RET002326,ORD024237,PROD082,2025-09-06,Quality Issue,103.59
RET002327,ORD024239,PROD059,2024-12-01,Quality Issue,72.47
RET002328,ORD024252,PROD022,2024-09-07,Damaged Item,16.7
RET002329,ORD024257,PROD029,2024-02-18,Damaged Item,103.12
RET002330,ORD024272,PROD033,2025-05-22,Late Delivery,20.58
RET002331,ORD024278,PROD077,2025-03-25,Damaged Item,118.94
RET002332,ORD024287,PROD096,2025-09-16,Damaged Item,63.11
RET002333,ORD024341,PROD026,2024-11-24,Customer Changed Mind,128.73
RET002334,ORD024352,PROD062,2025-07-19,Wrong Item,28.2
RET002335,ORD024358,PROD008,2024-03-15,Damaged Item,77.91
RET002336,ORD024359,PROD010,2025-11-02,Late Delivery,105.33
RET002337,ORD024367,PROD055,2024-06-06,Damaged Item,66.04
RET002338,ORD024371,PROD019,2025-08-11,Late Delivery,71.49
RET002339,ORD024389,PROD072,2024-02-24,Damaged Item,28.57
RET002340,ORD024401,PROD028,2025-12-05,Damaged Item,138.37
RET002341,ORD024406,PROD073,2024-05-24,Customer Changed Mind,143.33
RET002342,ORD024418,PROD096,2025-07-05,Damaged Item,32.51
RET002343,ORD024422,PROD066,2025-04-12,Quality Issue,82.02
RET002344,ORD024423,PROD087,2025-03-17,Customer Changed Mind,81.28
RET002345,ORD024425,PROD057,2024-02-28,Wrong Item,104.88
RET002346,ORD024428,PROD032,2025-11-19,Customer Changed Mind,85.55
RET002347,ORD024446,PROD032,2026-01-11,Customer Changed Mind,97.81
RET002348,ORD024450,PROD025,2024-07-25,Wrong Item,104.42
RET002349,ORD024461,PROD029,2025-12-23,Late Delivery,40.93
RET002350,ORD024468,PROD059,2024-09-07,Damaged Item,79.96
RET002351,ORD024474,PROD022,2024-04-18,Customer Changed Mind,115.13
RET002352,ORD024476,PROD002,2025-08-07,Customer Changed Mind,143.5
RET002353,ORD024498,PROD049,2024-02-08,Wrong Item,144.44
RET002354,ORD024504,PROD057,2024-09-08,Customer Changed Mind,145.11
RET002355,ORD024536,PROD064,2025-08-04,Quality Issue,131.87
RET002356,ORD024549,PROD085,2025-05-09,Late Delivery,19.5
RET002357,ORD024551,PROD055,2024-12-07,Quality Issue,59.64
RET002358,ORD024561,PROD019,2025-06-26,Late Delivery,21.42
RET002359,ORD024562,PROD083,2024-06-08,Customer Changed Mind,40.27
RET002360,ORD024567,PROD039,2025-03-24,Quality Issue,56.4
RET002361,ORD024569,PROD072,2024-04-12,Late Delivery,86.66
RET002362,ORD024576,PROD062,2024-02-27,Customer Changed Mind,18.85
RET002363,ORD024587,PROD084,2024-02-21,Wrong Item,117.49
RET002364,ORD024609,PROD024,2025-06-05,Quality Issue,59.43
RET002365,ORD024634,PROD100,2024-02-06,Customer Changed Mind,81.02
RET002366,ORD024635,PROD031,2024-11-10,Damaged Item,68.75
RET002367,ORD024638,PROD041,2024-09-07,Quality Issue,38.47
RET002368,ORD024640,PROD023,2024-03-31,Customer Changed Mind,107.89
RET002369,ORD024651,PROD047,2024-02-14,Wrong Item,85.92
RET002370,ORD024657,PROD024,2025-12-31,Wrong Item,106.59
RET002371,ORD024663,PROD026,2024-04-26,Quality Issue,52.36
RET002372,ORD024669,PROD062,2025-10-09,Customer Changed Mind,119.4
RET002373,ORD024671,PROD049,2024-11-17,Late Delivery,117.65
RET002374,ORD024672,PROD039,2025-04-18,Late Delivery,133.08
RET002375,ORD024679,PROD003,2024-04-15,Late Delivery,45.3
RET002376,ORD024700,PROD010,2025-06-20,Quality Issue,143.23
RET002377,ORD024702,PROD027,2024-12-02,Customer Changed Mind,79.26
RET002378,ORD024709,PROD096,2024-02-10,Customer Changed Mind,88.83
RET002379,ORD024721,PROD012,2026-01-06,Wrong Item,10.98
RET002380,ORD024728,PROD082,2025-12-03,Wrong Item,16.18
RET002381,ORD024732,PROD094,2024-09-06,Damaged Item,126.28
RET002382,ORD024736,PROD014,2025-10-04,Wrong Item,55.25
RET002383,ORD024754,PROD059,2025-05-20,Customer Changed Mind,125.6
RET002384,ORD024759,PROD099,2025-04-13,Damaged Item,63.59
RET002385,ORD024766,PROD088,2024-08-04,Damaged Item,83.52
RET002386,ORD024771,PROD078,2024-12-26,Damaged Item,39.92
RET002387,ORD024772,PROD096,2024-09-06,Damaged Item,103.69
RET002388,ORD024773,PROD031,2024-10-15,Quality Issue,19.23
RET002389,ORD024775,PROD018,2025-04-22,Quality Issue,146.96
RET002390,ORD024785,PROD024,2025-11-24,Damaged Item,84.65
RET002391,ORD024795,PROD034,2025-03-06,Wrong Item,96.44
RET002392,ORD024819,PROD100,2024-09-06,Customer Changed Mind,107.81
RET002393,ORD024830,PROD066,2024-11-11,Wrong Item,111.94
RET002394,ORD024840,PROD047,2024-12-24,Damaged Item,71.7
RET002395,ORD024845,PROD029,2024-03-30,Late Delivery,90.49
RET002396,ORD024899,PROD013,2024-05-04,Late Delivery,88.76
RET002397,ORD024927,PROD006,2024-12-29,Damaged Item,53.02
RET002398,ORD024932,PROD100,2024-01-21,Customer Changed Mind,77.88
RET002399,ORD024940,PROD040,2024-11-08,Customer Changed Mind,43.17
RET002400,ORD024955,PROD080,2025-01-03,Quality Issue,47.98
RET002401,ORD024971,PROD084,2024-08-13,Wrong Item,90.6
RET002402,ORD024972,PROD027,2025-08-05,Customer Changed Mind,43.13
RET002403,ORD024976,PROD062,2025-10-05,Customer Changed Mind,103.23
RET002404,ORD024979,PROD026,2024-07-15,Customer Changed Mind,124.41
RET002405,ORD024998,PROD060,2024-06-23,Customer Changed Mind,32.66
